sample,band_window,raman_shift_cm_inverse,raw_intensity,fitted_background,corrected_intensity,fitted_G_height,normalized_corrected_intensity
dark-1,dg,1101.49,84.65705,79.96331269689306,4.693737303106943,334.144647584141,0.014047022261294825
dark-1,dg,1103.418,91.08202,79.88790282221922,11.194117177780782,334.144647584141,0.03350081247362189
dark-1,dg,1105.347,96.1314,79.81245383453984,16.31894616546016,334.144647584141,0.04883796967404928
dark-1,dg,1107.275,91.76536,79.73704395986599,12.028316040134015,334.144647584141,0.03599733267343498
dark-1,dg,1109.203,78.19173,79.66163408519216,-1.4699040851921552,334.144647584141,-0.00439900532843944
dark-1,dg,1111.132,75.74868,79.58618509751278,-3.837505097512789,334.144647584141,-0.011484562524816342
dark-1,dg,1113.06,85.61076,79.51077522283894,6.099984777161055,334.144647584141,0.018255521437388927
dark-1,dg,1114.989,95.12132,79.43532623515955,15.685993764840447,334.144647584141,0.046943722960250484
dark-1,dg,1116.917,98.93787,79.35991636048573,19.577953639514277,334.144647584141,0.058591253162552454
dark-1,dg,1118.846,96.28255,79.28446737280635,16.998082627193654,334.144647584141,0.050870432161907855
dark-1,dg,1120.774,88.74024,79.20905749813251,9.531182501867491,334.144647584141,0.028524121426986026
dark-1,dg,1122.703,83.94091,79.13360851045313,4.807301489546873,334.144647584141,0.014386887607817646
dark-1,dg,1124.631,94.4861,79.05819863577928,15.427901364220716,334.144647584141,0.0461713257290342
dark-1,dg,1126.56,87.63516,78.98274964809991,8.652410351900087,334.144647584141,0.025894206040578047
dark-1,dg,1128.488,77.59769,78.90733977342606,-1.3096497734260595,334.144647584141,-0.003919409701441578
dark-1,dg,1130.417,81.93101,78.8318907857467,3.0991192142533066,334.144647584141,0.009274783351042357
dark-1,dg,1132.345,90.09622,78.75648091107284,11.33973908892716,334.144647584141,0.03393661748261791
dark-1,dg,1134.274,94.9324,78.68103192339348,16.251368076606525,334.144647584141,0.04863572765298976
dark-1,dg,1136.202,98.96167,78.60562204871962,20.356047951280374,334.144647584141,0.060919868381714884
dark-1,dg,1138.13,102.8289,78.53021217404579,24.298687825954218,334.144647584141,0.07271906942587061
dark-1,dg,1140.059,100.1236,78.4547631863664,21.66883681363359,334.144647584141,0.06484867248450286
dark-1,dg,1141.987,94.91513,78.37935331169257,16.535776688307436,334.144647584141,0.04948688182755811
dark-1,dg,1143.916,96.60668,78.30390432401319,18.30277567598681,334.144647584141,0.05477500779472454
dark-1,dg,1145.844,95.31065,78.22849444933935,17.082155550660644,334.144647584141,0.051122038536796206
dark-1,dg,1147.773,94.96796,78.15304546165997,16.814914538340034,334.144647584141,0.05032226210987224
dark-1,dg,1149.701,98.5164,78.07763558698613,20.43876441301387,334.144647584141,0.061167415252004545
dark-1,dg,1151.63,96.77821,78.00218659930675,18.776023400693248,334.144647584141,0.05619130378548187
dark-1,dg,1153.558,91.46014,77.92677672463292,13.53336327536708,334.144647584141,0.04050151146580686
dark-1,dg,1155.487,101.4368,77.85132773695354,23.58547226304647,334.144647584141,0.07058461787004207
dark-1,dg,1157.415,92.71738,77.7759178622797,14.941462137720308,334.144647584141,0.044715551321102325
dark-1,dg,1159.344,92.49082,77.70046887460032,14.790351125399681,334.144647584141,0.04426331899174091
dark-1,dg,1161.272,104.2269,77.62505899992648,26.60184100007352,334.144647584141,0.0796117525520887
dark-1,dg,1163.201,115.5492,77.5496100122471,37.9995899877529,334.144647584141,0.11372197718110752
dark-1,dg,1165.129,115.8782,77.47420013757326,38.403999862426744,334.144647584141,0.11493226104349383
dark-1,dg,1167.057,108.4508,77.39879026289941,31.05200973710059,334.144647584141,0.09292984329273561
dark-1,dg,1168.986,104.3087,77.32334127522003,26.98535872477997,334.144647584141,0.08075951214506522
dark-1,dg,1170.914,108.8065,77.2479314005462,31.558568599453807,334.144647584141,0.09444583005480295
dark-1,dg,1172.843,114.0468,77.17248241286681,36.87431758713319,334.144647584141,0.11035435657501551
dark-1,dg,1174.771,108.6259,77.09707253819298,31.528827461807026,334.144647584141,0.09435682327925886
dark-1,dg,1176.7,100.6901,77.0216235505136,23.668476449486405,334.144647584141,0.07083302581863575
dark-1,dg,1178.628,108.9836,76.94621367583976,32.03738632416024,334.144647584141,0.09587879547312785
dark-1,dg,1180.557,110.0843,76.87076468816038,33.21353531183962,334.144647584141,0.09939867525029296
dark-1,dg,1182.485,106.37,76.79535481348654,29.574645186513465,334.144647584141,0.0885085109108811
dark-1,dg,1184.414,98.58487,76.71990582580716,21.864964174192835,334.144647584141,0.06543562595503498
dark-1,dg,1186.342,101.5304,76.64449595113332,24.885904048866678,334.144647584141,0.07447644075340203
dark-1,dg,1188.271,120.6146,76.56904696345394,44.04555303654605,334.144647584141,0.13181582693301988
dark-1,dg,1190.199,113.6112,76.4936370887801,37.11756291121989,334.144647584141,0.11108232072421065
dark-1,dg,1192.128,125.5016,76.41818810110072,49.08341189889927,334.144647584141,0.1468927072564871
dark-1,dg,1194.056,110.2979,76.34277822642689,33.95512177357311,334.144647584141,0.10161803284615795
dark-1,dg,1195.984,102.0588,76.26736835175305,25.791431648246956,334.144647584141,0.07718642759870158
dark-1,dg,1197.913,107.4585,76.19191936407367,31.26658063592633,334.144647584141,0.09357199303350532
dark-1,dg,1199.841,112.7089,76.11650948939983,36.59239051060017,334.144647584141,0.10951062893020255
dark-1,dg,1201.77,117.3827,76.04106050172045,41.34163949827955,334.144647584141,0.12372378189259879
dark-1,dg,1203.698,125.4703,75.9656506270466,49.504649372953395,334.144647584141,0.14815335134311144
dark-1,dg,1205.627,129.7397,75.89020163936723,53.849498360632765,334.144647584141,0.16115624999521477
dark-1,dg,1207.555,122.7201,75.81479176469338,46.90530823530662,334.144647584141,0.14037426178881224
dark-1,dg,1209.484,126.5351,75.73934277701402,50.79575722298598,334.144647584141,0.15201727033558152
dark-1,dg,1211.412,121.7218,75.66393290234018,46.05786709765982,334.144647584141,0.13783811122116504
dark-1,dg,1213.341,120.4348,75.5884839146608,44.8463160853392,334.144647584141,0.13421228324193474
dark-1,dg,1215.269,129.067,75.51307403998695,53.55392596001306,334.144647584141,0.1602716857720357
dark-1,dg,1217.198,125.8968,75.43762505230757,50.45917494769243,334.144647584141,0.15100997520837528
dark-1,dg,1219.126,118.3072,75.36221517763374,42.94498482236625,334.144647584141,0.12852213893850348
dark-1,dg,1221.055,122.0409,75.28676618995436,46.75413381004563,334.144647584141,0.13992183968253588
dark-1,dg,1222.983,134.1153,75.21135631528053,58.903943684719465,334.144647584141,0.17628276888645014
dark-1,dg,1224.911,141.1869,75.13594644060667,66.05095355939334,334.144647584141,0.19767173898172657
dark-1,dg,1226.84,137.8052,75.06049745292731,62.744702547072706,334.144647584141,0.18777706900504204
dark-1,dg,1228.768,130.7882,74.98508757825346,55.80311242174653,334.144647584141,0.1670028618599816
dark-1,dg,1230.697,132.1963,74.90963859057409,57.28666140942592,334.144647584141,0.17144270250505975
dark-1,dg,1232.625,142.5107,74.83422871590024,67.67647128409978,334.144647584141,0.20253645172352538
dark-1,dg,1234.554,149.9311,74.75877972822086,75.17232027177913,334.144647584141,0.22496939817912234
dark-1,dg,1236.482,148.049,74.68336985354702,73.36563014645299,334.144647584141,0.21956248791319866
dark-1,dg,1238.411,142.9231,74.60792086586764,68.31517913413236,334.144647584141,0.20444792286229846
dark-1,dg,1240.339,142.5197,74.5325109911938,67.9871890088062,334.144647584141,0.20346634159892188
dark-1,dg,1242.268,147.0397,74.45706200351442,72.58263799648559,334.144647584141,0.21721921485577153
dark-1,dg,1244.196,155.6925,74.38165212884059,81.31084787115941,334.144647584141,0.24334026733342934
dark-1,dg,1246.125,152.1132,74.3062031411612,77.8069968588388,334.144647584141,0.23285423669474223
dark-1,dg,1248.053,150.9338,74.23079326648737,76.70300673351262,334.144647584141,0.22955030789232686
dark-1,dg,1249.982,165.6649,74.15534427880799,91.509555721192,334.144647584141,0.27386210248407156
dark-1,dg,1251.91,164.0507,74.07993440413415,89.97076559586586,334.144647584141,0.2692569408079784
dark-1,dg,1253.839,166.9383,74.00448541645477,92.93381458354523,334.144647584141,0.27812450462832433
dark-1,dg,1255.767,174.0673,73.92907554178093,100.13822445821906,334.144647584141,0.29968525661630785
dark-1,dg,1257.695,175.5928,73.8536656671071,101.73913433289292,334.144647584141,0.3044763250540291
dark-1,dg,1259.624,178.184,73.77821667942771,104.40578332057228,334.144647584141,0.312456847881371
dark-1,dg,1261.552,183.5236,73.70280680475388,109.82079319524611,334.144647584141,0.32866243403642165
dark-1,dg,1263.481,193.9257,73.6273578170745,120.29834218292551,334.144647584141,0.3600187614935031
dark-1,dg,1265.409,191.532,73.55194794240064,117.98005205759937,334.144647584141,0.3530807777727183
dark-1,dg,1267.338,185.4484,73.47649895472128,111.97190104527871,334.144647584141,0.3351000887035997
dark-1,dg,1269.266,197.2768,73.40108908004743,123.87571091995258,334.144647584141,0.3707248097959116
dark-1,dg,1271.195,206.8807,73.32564009236806,133.55505990763191,334.144647584141,0.39969235142095577
dark-1,dg,1273.123,209.433,73.25023021769421,136.1827697823058,334.144647584141,0.40755634054564227
dark-1,dg,1275.052,213.7738,73.17478123001484,140.59901876998515,334.144647584141,0.4207729191130643
dark-1,dg,1276.98,221.0355,73.09937135534099,147.93612864465902,334.144647584141,0.4427308045010872
dark-1,dg,1278.909,223.9082,73.02392236766161,150.88427763233838,334.144647584141,0.45155377685451087
dark-1,dg,1280.837,228.7347,72.94851249298777,155.78618750701224,334.144647584141,0.46622380048084927
dark-1,dg,1282.766,245.5403,72.8730635053084,172.66723649469162,334.144647584141,0.5167439842088515
dark-1,dg,1284.694,248.9856,72.79765363063456,176.18794636936545,334.144647584141,0.527280468632973
dark-1,dg,1286.622,239.8784,72.72224375596072,167.15615624403927,334.144647584141,0.5002508867120119
dark-1,dg,1288.551,250.7044,72.64679476828134,178.05760523171864,334.144647584141,0.5328758264394522
dark-1,dg,1290.479,265.1426,72.5713848936075,192.57121510639251,334.144647584141,0.5763109374897323
dark-1,dg,1292.408,276.9656,72.49593590592812,204.46966409407187,334.144647584141,0.6119196149702932
dark-1,dg,1294.336,288.9167,72.42052603125428,216.49617396874572,334.144647584141,0.647911542303636
dark-1,dg,1296.265,296.8228,72.3450770435749,224.47772295642505,334.144647584141,0.6717980508722627
dark-1,dg,1298.193,296.2846,72.26966716890107,224.01493283109895,334.144647584141,0.6704130515054553
dark-1,dg,1300.122,300.3623,72.19421818122169,228.16808181877832,334.144647584141,0.6828422465193709
dark-1,dg,1302.05,321.7297,72.11880830654785,249.61089169345212,334.144647584141,0.7470144845896344
dark-1,dg,1303.979,340.0092,72.04335931886847,267.96584068113157,334.144647584141,0.8019456322838601
dark-1,dg,1305.907,345.0318,71.96794944419463,273.06385055580535,334.144647584141,0.8172025274983497
dark-1,dg,1307.836,343.1748,71.89250045651525,271.2822995434848,334.144647584141,0.8118708514556503
dark-1,dg,1309.764,361.8654,71.81709058184141,290.0483094181586,334.144647584141,0.8680321876025906
dark-1,dg,1311.693,379.8486,71.74164159416203,308.10695840583793,334.144647584141,0.9220765935754021
dark-1,dg,1313.621,395.568,71.66623171948818,323.9017682805118,334.144647584141,0.9693459722378167
dark-1,dg,1315.549,412.4175,71.59082184481434,340.8266781551857,334.144647584141,1.0199974191397516
dark-1,dg,1317.478,408.1077,71.51537285713496,336.5923271428651,334.144647584141,1.0073252095355132
dark-1,dg,1319.406,417.9544,71.43996298246114,346.51443701753885,334.144647584141,1.0370192655271637
dark-1,dg,1321.335,432.5627,71.36451399478175,361.19818600521825,334.144647584141,1.0809635546062872
dark-1,dg,1323.263,451.1949,71.28910412010791,379.90579587989214,334.144647584141,1.1369501161446196
dark-1,dg,1325.192,462.6723,71.21365513242853,391.4586448675715,334.144647584141,1.171524511009856
dark-1,dg,1327.12,458.6677,71.1382452577547,387.5294547422453,334.144647584141,1.1597655612444353
dark-1,dg,1329.049,462.8401,71.06279627007532,391.7773037299247,334.144647584141,1.1724781664541588
dark-1,dg,1330.977,475.7598,70.98738639540147,404.7724136045985,334.144647584141,1.2113688384090386
dark-1,dg,1332.906,469.7433,70.91193740772209,398.83136259227786,334.144647584141,1.1935889605768653
dark-1,dg,1334.834,455.9391,70.83652753304825,385.10257246695176,334.144647584141,1.1525025920697383
dark-1,dg,1336.763,466.5114,70.76107854536889,395.7503214546311,334.144647584141,1.1843682797731396
dark-1,dg,1338.691,457.102,70.68566867069504,386.41633132930497,334.144647584141,1.15643429910695
dark-1,dg,1340.62,449.9276,70.61021968301567,379.3173803169843,334.144647584141,1.1351891555332136
dark-1,dg,1342.548,456.3841,70.53480980834182,385.84929019165816,334.144647584141,1.1547373060778936
dark-1,dg,1344.476,455.818,70.45939993366798,385.358600066332,334.144647584141,1.153268809937453
dark-1,dg,1346.405,420.2352,70.3839509459886,349.8512490540114,334.144647584141,1.0470053959667731
dark-1,dg,1348.333,418.9095,70.30854107131476,348.6009589286852,334.144647584141,1.0432636328280671
dark-1,dg,1350.262,413.9523,70.23309208363538,343.7192079163646,334.144647584141,1.0286539389496359
dark-1,dg,1352.19,393.4104,70.15768220896155,323.25271779103844,334.144647584141,0.9674035485175327
dark-1,dg,1354.119,374.0289,70.08223322128217,303.9466667787178,334.144647584141,0.9096260226708583
dark-1,dg,1356.047,360.5273,70.00682334660833,290.5204766533917,334.144647584141,0.8694452499953204
dark-1,dg,1357.976,359.042,69.93137435892895,289.110625641071,334.144647584141,0.8652259664529567
dark-1,dg,1359.904,363.1513,69.85596448425511,293.2953355157449,334.144647584141,0.8777496142352248
dark-1,dg,1361.833,345.3452,69.78051549657573,275.56468450342425,334.144647584141,0.824686813018707
dark-1,dg,1363.761,312.9888,69.7051056219019,243.28369437809812,334.144647584141,0.728078980576329
dark-1,dg,1365.69,304.7657,69.62965663422251,235.13604336577748,334.144647584141,0.7036953758373994
dark-1,dg,1367.618,300.2316,69.55424675954868,230.67735324045134,334.144647584141,0.6903517830024928
dark-1,dg,1369.547,293.6828,69.4787977718693,224.2040022281307,334.144647584141,0.6709788824963112
dark-1,dg,1371.475,280.0053,69.40338789719546,210.60191210280453,334.144647584141,0.6302716910938184
dark-1,dg,1373.403,273.1743,69.3279780225216,203.8463219774784,334.144647584141,0.6100541291063112
dark-1,dg,1375.332,263.3562,69.25252903484223,194.1036709651578,334.144647584141,0.5808971425055687
dark-1,dg,1377.26,241.8392,69.17711916016839,172.66208083983162,334.144647584141,0.5167285547985728
dark-1,dg,1379.189,255.6092,69.10167017248901,186.50752982751098,334.144647584141,0.5581640501380364
dark-1,dg,1381.117,243.7406,69.02626029781517,174.71433970218482,334.144647584141,0.5228703825285425
dark-1,dg,1383.046,238.9013,68.95081131013579,169.9504886898642,334.144647584141,0.5086135298548181
dark-1,dg,1384.974,236.1784,68.87540143546195,167.30299856453806,334.144647584141,0.5006903440594824
dark-1,dg,1386.903,228.0762,68.79995244778257,159.27624755221743,334.144647584141,0.4766685586729623
dark-1,dg,1388.831,216.5491,68.72454257310874,147.82455742689126,334.144647584141,0.44239690354359945
dark-1,dg,1390.76,207.723,68.64909358542936,139.07390641457067,334.144647584141,0.4162086911164736
dark-1,dg,1392.688,206.6676,68.57368371075552,138.09391628924448,334.144647584141,0.41327585908576026
dark-1,dg,1394.617,210.7983,68.49823472307614,142.30006527692387,334.144647584141,0.4258636680424195
dark-1,dg,1396.545,208.3065,68.4228248484023,139.88367515159769,334.144647584141,0.4186320988917638
dark-1,dg,1398.474,193.2828,68.34737586072292,124.93542413927709,334.144647584141,0.3738962303976965
dark-1,dg,1400.402,182.9896,68.27196598604908,114.71763401395091,334.144647584141,0.34331728741835926
dark-1,dg,1402.33,193.8253,68.19655611137524,125.62874388862475,334.144647584141,0.375971139435924
dark-1,dg,1404.259,177.4542,68.12110712369586,109.33309287630412,334.144647584141,0.3272028855370875
dark-1,dg,1406.187,175.347,68.04569724902203,107.30130275097798,334.144647584141,0.32112231492188853
dark-1,dg,1408.116,179.6909,67.97024826134265,111.72065173865735,334.144647584141,0.33434817090860314
dark-1,dg,1410.044,187.3564,67.8948383866688,119.46156161333121,334.144647584141,0.3575145149773784
dark-1,dg,1411.973,177.8803,67.81938939898943,110.06091060101058,334.144647584141,0.3293810372147174
dark-1,dg,1413.901,170.7359,67.74397952431558,102.99192047568441,334.144647584141,0.30822555806389207
dark-1,dg,1415.83,167.2588,67.66853053663621,99.5902694633638,334.144647584141,0.29804538299026906
dark-1,dg,1417.758,163.168,67.59312066196236,95.57487933803765,334.144647584141,0.28602846111419733
dark-1,dg,1419.687,166.8605,67.517671674283,99.34282832571701,334.144647584141,0.2973048619631158
dark-1,dg,1421.615,168.838,67.44226179960914,101.39573820039085,334.144647584141,0.303448637988009
dark-1,dg,1423.544,158.8571,67.36681281192976,91.49028718807024,334.144647584141,0.27380443723861253
dark-1,dg,1425.472,155.417,67.29140293725592,88.12559706274408,334.144647584141,0.26373487559920633
dark-1,dg,1427.401,161.1563,67.21595394957654,93.94034605042344,334.144647584141,0.2811367673539296
dark-1,dg,1429.329,165.0947,67.1405440749027,97.95415592509728,334.144647584141,0.2931489599887469
dark-1,dg,1431.257,151.7955,67.06513420022887,84.73036579977114,334.144647584141,0.2535739130115354
dark-1,dg,1433.186,156.5903,66.98968521254949,89.60061478745052,334.144647584141,0.2681491845979313
dark-1,dg,1435.114,161.8049,66.91427533787565,94.89062466212435,334.144647584141,0.283980681265379
dark-1,dg,1437.043,154.2167,66.83882635019627,87.37787364980373,334.144647584141,0.26149715185188205
dark-1,dg,1438.971,149.7871,66.76341647552243,83.02368352447758,334.144647584141,0.2484662978286114
dark-1,dg,1440.9,155.1564,66.68796748784305,88.46843251215694,334.144647584141,0.26476088470003006
dark-1,dg,1442.828,151.6901,66.61255761316922,85.07754238683079,334.144647584141,0.25461291390402235
dark-1,dg,1444.757,139.5316,66.53710862548984,72.99449137451016,334.144647584141,0.2184517750089934
dark-1,dg,1446.685,145.3953,66.461698750816,78.933601249184,334.144647584141,0.23622584356766543
dark-1,dg,1448.614,159.6507,66.38624976313662,93.26445023686338,334.144647584141,0.2791140032053886
dark-1,dg,1450.542,157.3615,66.31083988846278,91.05066011153723,334.144647584141,0.2724887582962398
dark-1,dg,1452.471,157.0605,66.2353909007834,90.82510909921659,334.144647584141,0.2718137481952211
dark-1,dg,1454.399,159.2284,66.15998102610956,93.06841897389043,334.144647584141,0.278527337327631
dark-1,dg,1456.328,144.1605,66.08453203843018,78.07596796156983,334.144647584141,0.23365919079074732
dark-1,dg,1458.256,145.0456,66.00912216375633,79.03647783624368,334.144647584141,0.23653372396558137
dark-1,dg,1460.184,151.4949,65.93371228908251,85.5611877109175,334.144647584141,0.2560603269557754
dark-1,dg,1462.113,147.5414,65.85826330140311,81.6831366985969,334.144647584141,0.24445442202700032
dark-1,dg,1464.041,146.1101,65.78285342672929,80.3272465732707,334.144647584141,0.24039662808916754
dark-1,dg,1465.97,153.0021,65.70740443904991,87.2946955609501,334.144647584141,0.2612482234627697
dark-1,dg,1467.898,161.6562,65.63199456437607,96.02420543562394,334.144647584141,0.2873731664710986
dark-1,dg,1469.827,144.9184,65.55654557669669,79.3618544233033,334.144647584141,0.23750748365143026
dark-1,dg,1471.755,142.8581,65.48113570202284,77.37696429797717,334.144647584141,0.23156727141197994
dark-1,dg,1473.684,142.6777,65.40568671434347,77.27201328565651,334.144647584141,0.23125318284860044
dark-1,dg,1475.612,151.1975,65.33027683966962,85.86722316033037,334.144647584141,0.25697620411144884
dark-1,dg,1477.541,150.6789,65.25482785199026,85.42407214800974,334.144647584141,0.25564997903041103
dark-1,dg,1479.469,145.9893,65.1794179773164,80.80988202268358,334.144647584141,0.2418410188729264
dark-1,dg,1481.398,145.3283,65.10396898963704,80.22433101036297,334.144647584141,0.2400886310476114
dark-1,dg,1483.326,147.3501,65.02855911496319,82.32154088503681,334.144647584141,0.2463649843869111
dark-1,dg,1485.255,151.9246,64.95311012728381,86.97148987271619,334.144647584141,0.2602809606603556
dark-1,dg,1487.183,159.6343,64.87770025260997,94.75659974739003,334.144647584141,0.28357958277194717
dark-1,dg,1489.111,160.6093,64.80229037793613,95.80700962206386,334.144647584141,0.28672316110626517
dark-1,dg,1491.04,151.0354,64.72684139025675,86.30855860974326,334.144647584141,0.25829699572850373
dark-1,dg,1492.968,161.322,64.65143151558291,96.67056848441709,334.144647584141,0.2893075474449264
dark-1,dg,1494.897,155.7325,64.57598252790353,91.15651747209645,334.144647584141,0.2728055593024046
dark-1,dg,1496.825,148.2792,64.5005726532297,83.7786273467703,334.144647584141,0.25072563020981503
dark-1,dg,1498.754,166.1869,64.42512366555032,101.76177633444969,334.144647584141,0.30454408613211453
dark-1,dg,1500.682,151.289,64.34971379087648,86.93928620912351,334.144647584141,0.260184584244257
dark-1,dg,1502.611,160.6892,64.2742648031971,96.4149351968029,334.144647584141,0.28854250964030376
dark-1,dg,1504.539,169.8968,64.19885492852326,105.69794507147675,334.144647584141,0.3163239208997383
dark-1,dg,1506.468,170.4232,64.12340594084388,106.29979405915613,334.144647584141,0.31812508393506067
dark-1,dg,1508.396,174.9,64.04799606617004,110.85200393382996,334.144647584141,0.3317485548108811
dark-1,dg,1510.325,181.1918,63.972547078490656,117.21925292150934,334.144647584141,0.3508039221008092
dark-1,dg,1512.253,179.1942,63.897137203816825,115.29706279618317,334.144647584141,0.34505135314834035
dark-1,dg,1514.182,175.9973,63.82168821613744,112.17561178386256,334.144647584141,0.335709737070128
dark-1,dg,1516.11,184.1126,63.74627834146361,120.36632165853638,334.144647584141,0.36022220475109334
dark-1,dg,1518.038,191.2738,63.67086846678976,127.60293153321024,334.144647584141,0.3818793221910835
dark-1,dg,1519.967,185.017,63.595419479110376,121.42158052088962,334.144647584141,0.3633802947279424
dark-1,dg,1521.895,195.3533,63.520009604436545,131.83329039556344,334.144647584141,0.394539584424636
dark-1,dg,1523.824,196.1062,63.44456061675716,132.66163938324286,334.144647584141,0.39701859761149494
dark-1,dg,1525.752,204.0613,63.36915074208333,140.69214925791667,334.144647584141,0.4210516322051484
dark-1,dg,1527.681,214.3819,63.29370175440395,151.08819824559606,334.144647584141,0.4521640533163127
dark-1,dg,1529.609,207.2686,63.21829187973011,144.05030812026988,334.144647584141,0.43110164763000297
dark-1,dg,1531.538,202.3296,63.14284289205073,139.18675710794926,334.144647584141,0.41654642118096663
dark-1,dg,1533.466,216.1065,63.06743301737689,153.03906698262313,334.144647584141,0.45800244920603234
dark-1,dg,1535.395,236.8183,62.99198402969751,173.8263159703025,334.144647584141,0.5202127797858299
dark-1,dg,1537.323,248.5094,62.91657415502367,185.59282584497635,334.144647584141,0.5554266009849588
dark-1,dg,1539.252,253.5161,62.841125167344295,190.6749748326557,334.144647584141,0.5706360290707388
dark-1,dg,1541.18,263.4504,62.76571529267045,200.68468470732955,334.144647584141,0.6005922469753017
dark-1,dg,1543.109,271.9597,62.69026630499108,209.26943369500893,334.144647584141,0.626283961775305
dark-1,dg,1545.037,280.0201,62.61485643031723,217.4052435696828,334.144647584141,0.6506321293533153
dark-1,dg,1546.965,301.0844,62.539446555643394,238.54495344435662,334.144647584141,0.7138972752340395
dark-1,dg,1548.894,312.4672,62.463997567964014,250.00320243203598,334.144647584141,0.748188559175058
dark-1,dg,1550.822,299.7666,62.38858769329018,237.37801230670982,334.144647584141,0.7104049519360792
dark-1,dg,1552.751,306.2472,62.3131387056108,243.9340612943892,334.144647584141,0.7300253439880827
dark-1,dg,1554.679,328.9806,62.23772883093695,266.74287116906305,334.144647584141,0.7982856319788707
dark-1,dg,1556.608,334.5783,62.16227984325758,272.41602015674243,334.144647584141,0.8152637551620374
dark-1,dg,1558.536,341.1553,62.086869968583734,279.06843003141626,334.144647584141,0.8351725279727666
dark-1,dg,1560.465,358.4943,62.01142098090436,296.48287901909566,334.144647584141,0.887289026362268
dark-1,dg,1562.393,372.804,61.93601110623052,310.86798889376945,334.144647584141,0.9303395734192921
dark-1,dg,1564.322,380.8635,61.860562118551144,319.0029378814488,334.144647584141,0.9546851646071052
dark-1,dg,1566.25,381.3427,61.7851522438773,319.5575477561227,334.144647584141,0.9563449543977952
dark-1,dg,1568.179,394.4794,61.70970325619792,332.76969674380206,334.144647584141,0.9958851627572675
dark-1,dg,1570.107,390.0009,61.63429338152408,328.36660661847594,334.144647584141,0.9827079649264467
dark-1,dg,1572.036,392.9011,61.5588443938447,331.3422556061553,334.144647584141,0.9916132369671429
dark-1,dg,1573.964,399.4323,61.48343451917086,337.9488654808291,334.144647584141,1.0113849433896145
dark-1,dg,1575.892,390.7505,61.40802464449702,329.342475355503,334.144647584141,0.9856284628128638
dark-1,dg,1577.821,402.7253,61.332575656817646,341.39272434318235,334.144647584141,1.0216914345671695
dark-1,dg,1579.749,398.7397,61.2571657821438,337.48253421785626,334.144647584141,1.0099893464038645
dark-1,dg,1581.678,396.8358,61.18171679446442,335.6540832055356,334.144647584141,1.0045173119854163
dark-1,dg,1583.606,383.8691,61.10630691979058,322.7627930802094,334.144647584141,0.9659373430452285
dark-1,dg,1585.535,380.9445,61.0308579321112,319.9136420678888,334.144647584141,0.9574106435068104
dark-1,dg,1587.463,380.3383,60.955448057437366,319.38285194256264,334.144647584141,0.9558221394587468
dark-1,dg,1589.392,373.7611,60.879999069757986,312.88110093024204,334.144647584141,0.9363642458209821
dark-1,dg,1591.32,372.4716,60.80458919508415,311.6670108049159,334.144647584141,0.9327308189978861
dark-1,dg,1593.249,346.1612,60.72914020740477,285.4320597925952,334.144647584141,0.8542170639459983
dark-1,dg,1595.177,336.6383,60.65373033273093,275.98456966726906,334.144647584141,0.8259434100250651
dark-1,dg,1597.106,345.2336,60.57828134505155,284.6553186549485,334.144647584141,0.8518924983925393
dark-1,dg,1599.034,335.4974,60.502871470377706,274.9945285296223,334.144647584141,0.8229804981699607
dark-1,dg,1600.963,315.6602,60.42742248269833,255.23277751730166,334.144647584141,0.7638391916872811
dark-1,dg,1602.891,306.583,60.35201260802449,246.23098739197553,334.144647584141,0.7368993912433449
dark-1,dg,1604.819,299.1067,60.27660273335065,238.83009726664935,334.144647584141,0.7147506296850363
dark-1,dg,1606.748,284.3861,60.20115374567127,224.18494625432874,334.144647584141,0.6709218533805085
dark-1,dg,1608.676,271.2278,60.12574387099743,211.10205612900256,334.144647584141,0.6317684800737229
dark-1,dg,1610.605,261.8151,60.05029488331805,201.7648051166819,334.144647584141,0.603824740499174
dark-1,dg,1612.533,251.7011,59.97488500864422,191.7262149913558,334.144647584141,0.5737820922092645
dark-1,dg,1614.462,233.5153,59.899436020964835,173.61586397903517,334.144647584141,0.5195829567652043
dark-1,dg,1616.39,225.1991,59.82402614629099,165.375073853709,334.144647584141,0.4949206131217945
dark-1,dg,1618.319,226.0924,59.74857715861162,166.34382284138837,334.144647584141,0.4978198036211288
dark-1,dg,1620.247,205.0611,59.67316728393777,145.38793271606224,334.144647584141,0.43510477802716285
dark-1,dg,1622.176,184.6473,59.59771829625841,125.0495817037416,334.144647584141,0.3742378715560687
dark-1,dg,1624.104,181.2673,59.522308421584555,121.74499157841545,334.144647584141,0.36434817214230203
dark-1,dg,1626.033,176.0001,59.44685943390519,116.55324056609481,334.144647584141,0.34881073633461546
dark-1,dg,1627.961,160.829,59.37144955923134,101.45755044076867,334.144647584141,0.3036336244626532
dark-1,dg,1629.89,151.4989,59.29600057155196,92.20289942844803,334.144647584141,0.27593708322151234
dark-1,dg,1631.818,149.9234,59.22059069687812,90.70280930312187,334.144647584141,0.27144773965078095
dark-1,dg,1633.746,149.4693,59.145180822204274,90.32411917779572,334.144647584141,0.2703144276912327
dark-1,dg,1635.675,146.8026,59.0697318345249,87.73286816547511,334.144647584141,0.2625595495836368
dark-1,dg,1637.603,139.1776,58.994321959851064,80.18327804014895,334.144647584141,0.2399657711708759
dark-1,dg,1639.532,136.2388,58.91887297217169,77.3199270278283,334.144647584141,0.23139657506666586
dark-1,dg,1641.46,127.9256,58.843463097497846,69.08213690250216,334.144647584141,0.20674320957095857
dark-1,dg,1643.389,118.9218,58.76801410981847,60.15378589018153,334.144647584141,0.18002319152825633
dark-1,dg,1645.317,118.3277,58.69260423514463,59.635095764855365,334.144647584141,0.17847089934259278
dark-1,dg,1647.246,116.7198,58.61715524746525,58.10264475253476,334.144647584141,0.17388470883078838
dark-1,dg,1649.174,108.336,58.54174537279141,49.79425462720859,334.144647584141,0.14902005759248288
dark-1,dg,1651.103,102.9989,58.46629638511203,44.532603614887975,334.144647584141,0.13327343094332886
dark-1,dg,1653.031,103.3671,58.39088651043819,44.9762134895618,334.144647584141,0.13460102926902737
dark-1,dg,1654.96,116.4719,58.31543752275881,58.15646247724119,334.144647584141,0.17404576999126345
dark-1,dg,1656.888,109.5516,58.240027648084975,51.31157235191502,334.144647584141,0.15356095847381257
dark-1,dg,1658.817,103.9826,58.164578660405596,45.81802133959441,334.144647584141,0.13712032100725768
dark-1,dg,1660.745,104.886,58.08916878573176,46.79683121426824,334.144647584141,0.14004962088307676
dark-1,dg,1662.673,101.8311,58.01375891105791,43.817341088942094,334.144647584141,0.1311328534086677
dark-1,dg,1664.602,97.57156,57.93830992337853,39.63325007662147,334.144647584141,0.11861105770560464
dark-1,dg,1666.53,95.1361,57.862900048704695,37.273199951295304,334.144647584141,0.11154809816880139
dark-1,dg,1668.459,95.30219,57.787451061025315,37.51473893897468,334.144647584141,0.11227095573789818
dark-1,dg,1670.387,85.83525,57.71204118635148,28.123208813648525,334.144647584141,0.08416477419877515
dark-1,dg,1672.316,92.43392,57.6365921986721,34.7973278013279,334.144647584141,0.1041385162171888
dark-1,dg,1674.244,95.87582,57.56118232399826,38.314637676001745,334.144647584141,0.11466482540724741
dark-1,dg,1676.173,95.67906,57.48573333631888,38.19332666368113,334.144647584141,0.11430177601173054
dark-1,dg,1678.101,92.62508,57.410323461645035,35.21475653835496,334.144647584141,0.1053877618359502
dark-1,dg,1680.03,78.05165,57.33487447396566,20.716775526034333,334.144647584141,0.06199942353054642
dark-1,dg,1681.958,78.61794,57.25946459929182,21.358475400708187,334.144647584141,0.06391984894903907
dark-1,dg,1683.887,74.35267,57.184015611612445,17.16865438838756,334.144647584141,0.051380904983864266
dark-1,dg,1685.815,80.55943,57.1086057369386,23.450824263061406,334.144647584141,0.07018165465947274
dark-1,dg,1687.744,87.48092,57.03315674925923,30.44776325074077,334.144647584141,0.09112150522499007
dark-1,dg,1689.672,84.83139,56.95774687458538,27.873643125414617,334.144647584141,0.08341789499529766
dark-1,dg,1691.6,80.37061,56.882336999911544,23.488273000088455,334.144647584141,0.07029372809023933
dark-1,dg,1693.529,76.4128,56.806888012232164,19.60591198776784,334.144647584141,0.058674924555931644
dark-1,dg,1695.457,74.78946,56.73147813755832,18.057981862441686,334.144647584141,0.05404240945650492
dark-1,dg,1697.386,82.34047,56.65602914987895,25.68444085012105,334.144647584141,0.07686623453590842
dark-1,dg,1699.314,67.89209,56.5806192752051,11.311470724794894,334.144647584141,0.03385201829978902
dark-1,dg,1701.243,81.47305,56.50517028752573,24.96787971247427,334.144647584141,0.074721770625361
dark-1,dg,1703.171,84.13741,56.429760412851884,27.70764958714812,334.144647584141,0.08292112349389362
dark-1,dg,1705.1,87.39633,56.35431142517251,31.042018574827495,334.144647584141,0.09289994258253322
dark-1,dg,1707.028,82.75331,56.27890155049867,26.474408449501333,334.144647584141,0.07923038313170888
dark-1,dg,1708.957,75.42314,56.20345256281929,19.219687437180717,334.144647584141,0.05751906420210129
dark-1,dg,1710.885,82.12428,56.12804268814545,25.99623731185455,334.144647584141,0.07779935276475866
dark-1,dg,1712.814,84.45533,56.05259370046607,28.402736299533935,334.144647584141,0.08500132055050152
dark-1,dg,1714.742,76.83052,55.97718382579223,20.853336174207776,334.144647584141,0.06240811075376179
dark-1,dg,1716.671,74.21942,55.90173483811285,18.317685161887148,334.144647584141,0.054819627650251584
dark-1,dg,1718.599,73.769,55.82632496343901,17.942675036560992,334.144647584141,0.053697328885218325
dark-1,dg,1720.527,78.09875,55.75091508876517,22.347834911234827,334.144647584141,0.06688072088782274
dark-1,dg,1722.456,81.96094,55.675466101085796,26.285473898914198,334.144647584141,0.07866495569795189
dark-1,dg,1724.384,80.21235,55.60005622641195,24.61229377358805,334.144647584141,0.07365760293194708
dark-1,dg,1726.313,88.29323,55.52460723873257,32.76862276126742,334.144647584141,0.09806717838571977
dark-1,dg,1728.241,85.13368,55.44919736405873,29.684482635941265,334.144647584141,0.08883722319228954
dark-1,dg,1730.17,85.01452,55.37374837637935,29.64077162362065,334.144647584141,0.08870640855067656
dark-1,dg,1732.098,83.54975,55.298338501705516,28.251411498294488,334.144647584141,0.08454844841164333
dark-1,dg,1734.027,72.54393,55.222889514026136,17.321040485973867,334.144647584141,0.05183695328117519
dark-1,dg,1735.955,80.51038,55.1474796393523,25.3629003606477,334.144647584141,0.07590395520030307
dark-1,dg,1737.884,85.4575,55.07203065167292,30.385469348327078,334.144647584141,0.09093507727271229
dark-1,dg,1739.812,82.98631,54.99662077699908,27.989689223000923,334.144647584141,0.08376518799677267
dark-1,dg,1741.741,69.91371,54.9211717893197,14.992538210680294,334.144647584141,0.04486840749680128
dark-1,dg,1743.669,61.24261,54.845761914645855,6.396848085354144,334.144647584141,0.019143948980189344
dark-1,dg,1745.598,70.03639,54.77031292696648,15.266077073033514,334.144647584141,0.04568703159965883
dark-1,dg,1747.526,79.77205,54.69490305229264,25.077146947707355,334.144647584141,0.07504877641768203
dark-1,dg,1749.454,79.25003,54.61949317761881,24.63053682238119,334.144647584141,0.0737121991941498
dark-1,dg,1751.383,78.79712,54.54404418993943,24.25307581006058,334.144647584141,0.07258256562063711
dark-1,dg,1753.311,82.70132,54.46863431526559,28.232685684734406,334.144647584141,0.08449240737164622
dark-1,dg,1755.24,86.46151,54.39318532758621,32.068324672413794,334.144647584141,0.09597138515989147
dark-1,dg,1757.168,90.67011,54.31777545291237,36.35233454708762,334.144647584141,0.10879220963111114
dark-1,dg,1759.097,63.04948,54.24232646523299,8.80715353476701,334.144647584141,0.02635730842448787
dark-1,dg,1761.025,65.81699,54.16691659055914,11.650073409440864,334.144647584141,0.03486535993819041
dark-1,dg,1762.954,78.18249,54.091467602879774,24.091022397120227,334.144647584141,0.07209758579494786
dark-1,dg,1764.882,70.04108,54.01605772820592,16.02502227179407,334.144647584141,0.047958338963842925
dark-1,dg,1766.811,72.90757,53.94060874052656,18.96696125947345,334.144647584141,0.0567627265515225
dark-1,dg,1768.739,71.31216,53.865198865852705,17.4469611341473,334.144647584141,0.05221379800720578
dark-1,dg,1770.668,68.1618,53.78974987817334,14.37205012182666,334.144647584141,0.04301146292701766
dark-1,dg,1772.596,87.10536,53.714340003499494,33.39101999650051,334.144647584141,0.09992983648823019
dark-1,dg,1774.525,86.8666,53.63889101582011,33.2277089841799,334.144647584141,0.09944109302487876
dark-1,dg,1776.453,83.10605,53.563481141146276,29.54256885885372,334.144647584141,0.08841251557505377
dark-1,dg,1778.381,88.62746,53.48807126647243,35.13938873352757,334.144647584141,0.10516220740803311
dark-1,dg,1780.31,80.9888,53.41262227879306,27.57617772120694,334.144647584141,0.08252766555018057
dark-1,dg,1782.238,72.69585,53.337212404119214,19.35863759588078,334.144647584141,0.05793490255146486
dark-1,dg,1784.167,73.96252,53.26176341643984,20.700756583560157,334.144647584141,0.06195148338668958
dark-1,dg,1786.095,73.19186,53.186353541765996,20.00550645823401,334.144647584141,0.059870797281576744
dark-1,dg,1788.024,75.05203,53.11090455408662,21.94112544591338,334.144647584141,0.06566355500393997
dark-1,dg,1789.952,75.30371,53.03549467941278,22.268215320587217,334.144647584141,0.0666424420728746
dark-1,dg,1791.881,76.31477,52.9600456917334,23.354724308266597,334.144647584141,0.06989405479668993
dark-1,dg,1793.809,78.36169,52.88463581705956,25.477054182940435,334.144647584141,0.07624558515941829
dark-1,dg,1795.738,78.32293,52.80918682938018,25.51374317061982,334.144647584141,0.07635538487623147
dark-1,dg,1797.666,74.29846,52.73377695470634,21.564683045293663,334.144647584141,0.06453696984586131
dark-1,dg,1799.595,79.71633,52.65832796702696,27.058002032973036,334.144647584141,0.08097691292858299
dark-1,2d,2451.416,117.779,116.4856238942335,1.293376105766498,334.144647584141,0.0038707072374720977
dark-1,2d,2453.345,125.7776,116.72072356569069,9.056876434309316,334.144647584141,0.027104658116747785
dark-1,2d,2455.273,124.9398,116.9557013606983,7.984098639301706,334.144647584141,0.023894138951578534
dark-1,2d,2457.202,121.9223,117.19080103215555,4.731498967844459,334.144647584141,0.014160032195796342
dark-1,2d,2459.13,117.9794,117.42577882716309,0.5536211728369125,334.144647584141,0.0016568308869813785
dark-1,2d,2461.059,117.4272,117.66087849862035,-0.23367849862034973,334.144647584141,-0.0006993333585015966
dark-1,2d,2462.987,124.1808,117.89585629362787,6.2849437063721325,334.144647584141,0.01880905096583814
dark-1,2d,2464.916,122.7565,118.13095596508514,4.625544034914867,334.144647584141,0.013842939183247303
dark-1,2d,2466.844,126.31,118.36593376009267,7.944066239907329,334.144647584141,0.02377433335336288
dark-1,2d,2468.772,120.6301,118.60091155510021,2.0291884448997877,334.144647584141,0.006072784524818155
dark-1,2d,2470.701,123.0386,118.83601122655747,4.202588773442528,334.144647584141,0.01257715424690223
dark-1,2d,2472.629,133.4446,119.070989021565,14.37361097843501,334.144647584141,0.043016134127408366
dark-1,2d,2474.558,121.5668,119.30608869302226,2.26071130697774,334.144647584141,0.006765666675562923
dark-1,2d,2476.486,123.5169,119.5410664880298,3.975833511970208,334.144647584141,0.011898540170298712
dark-1,2d,2478.415,124.3196,119.77616615948705,4.543433840512947,334.144647584141,0.013597206698840998
dark-1,2d,2480.343,119.8405,120.0111439544946,-0.17064395449459369,334.144647584141,-0.0005106888759953092
dark-1,2d,2482.272,122.5591,120.24624362595185,2.3128563740481525,334.144647584141,0.006921722046934036
dark-1,2d,2484.2,126.7528,120.48122142095939,6.271578579040607,334.144647584141,0.01876905293675656
dark-1,2d,2486.129,131.037,120.71632109241665,10.320678907583357,334.144647584141,0.030886859874014606
dark-1,2d,2488.057,128.3612,120.95129888742419,7.40990111257581,334.144647584141,0.02217572888313263
dark-1,2d,2489.986,121.1769,121.18639855888144,-0.009498558881432473,334.144647584141,-2.8426488199367727e-05
dark-1,2d,2491.914,125.0292,121.42137635388903,3.6078236461109725,334.144647584141,0.010797191193081989
dark-1,2d,2493.843,121.7571,121.65647602534624,0.10062397465375739,334.144647584141,0.00030113896895032335
dark-1,2d,2495.771,126.7821,121.89145382035383,4.890646179646168,334.144647584141,0.014636314587126983
dark-1,2d,2497.699,130.8547,122.12643161536137,8.728268384638639,334.144647584141,0.026121227581359874
dark-1,2d,2499.628,130.6591,122.36153128681862,8.297568713181377,334.144647584141,0.02483226582611043
dark-1,2d,2501.556,120.7148,122.59650908182616,-1.881709081826159,334.144647584141,-0.005631420689904439
dark-1,2d,2503.485,130.2971,122.83160875328342,7.4654912467165815,334.144647584141,0.022342094361504607
dark-1,2d,2505.413,135.4106,123.06658654829096,12.344013451709031,334.144647584141,0.03694212533690423
dark-1,2d,2507.342,127.1284,123.3016862197482,3.8267137802517937,334.144647584141,0.011452267178058534
dark-1,2d,2509.27,121.4932,123.53666401475574,-2.0434640147557417,334.144647584141,-0.00611550724971938
dark-1,2d,2511.199,126.5433,123.771763686213,2.7715363137869957,334.144647584141,0.008294420795979068
dark-1,2d,2513.127,138.8689,124.00674148122054,14.862158518779452,334.144647584141,0.04447821811970521
dark-1,2d,2515.056,143.892,124.2418411526778,19.650158847322203,334.144647584141,0.05880734283608147
dark-1,2d,2516.984,132.4492,124.47681894768533,7.97238105231466,334.144647584141,0.023859071542683123
dark-1,2d,2518.913,133.6182,124.7119186191426,8.906281380857408,334.144647584141,0.02665396990569695
dark-1,2d,2520.841,140.5735,124.94689641415013,15.626603585849864,334.144647584141,0.046765985027232636
dark-1,2d,2522.77,141.3989,125.18199608560738,16.216903914392617,334.144647584141,0.04853258620672365
dark-1,2d,2524.698,143.1564,125.41697388061492,17.739426119385072,334.144647584141,0.05308906261896087
dark-1,2d,2526.626,145.4802,125.65195167562251,19.828248324377483,334.144647584141,0.059340314045834085
dark-1,2d,2528.555,134.6682,125.88705134707972,8.781148652920294,334.144647584141,0.026279483201086175
dark-1,2d,2530.483,127.7626,126.12202914208731,1.6405708579126923,334.144647584141,0.0049097624929023585
dark-1,2d,2532.412,136.2567,126.3571288135445,9.89957118645549,334.144647584141,0.029626604101035844
dark-1,2d,2534.34,141.3582,126.5921066085521,14.76609339144791,334.144647584141,0.04419072248562551
dark-1,2d,2536.269,134.7008,126.8272062800093,7.87359371999068,334.144647584141,0.02356342912243725
dark-1,2d,2538.197,133.7872,127.0621840750169,6.725015924983111,334.144647584141,0.020126062091985728
dark-1,2d,2540.126,154.7357,127.29728374647415,27.43841625352586,334.144647584141,0.08211538461533066
dark-1,2d,2542.054,141.2056,127.53226154148169,13.673338458518316,334.144647584141,0.040920417422144195
dark-1,2d,2543.983,137.6377,127.76736121293895,9.870338787061044,334.144647584141,0.029539119834548877
dark-1,2d,2545.911,145.8775,128.0023390079465,17.87516099205351,334.144647584141,0.0534952785306919
dark-1,2d,2547.84,137.9328,128.23743867940374,9.695361320596248,334.144647584141,0.029015461988373938
dark-1,2d,2549.768,139.7446,128.4724164744113,11.272183525588702,334.144647584141,0.03373444287402584
dark-1,2d,2551.697,141.221,128.70751614586854,12.513483854131465,334.144647584141,0.037449302104952745
dark-1,2d,2553.625,144.8499,128.94249394087606,15.907406059123929,334.144647584141,0.04760634705399039
dark-1,2d,2555.553,148.8895,129.1774717358836,19.712028264116384,334.144647584141,0.05899250042349607
dark-1,2d,2557.482,152.1927,129.41257140734086,22.78012859265914,334.144647584141,0.06817445306204664
dark-1,2d,2559.41,154.1778,129.64754920234842,24.530250797651576,334.144647584141,0.07341207161331115
dark-1,2d,2561.339,154.7234,129.88264887380566,24.840751126194334,334.144647584141,0.07434131088375187
dark-1,2d,2563.267,153.7071,130.1176266688132,23.58947333118681,334.144647584141,0.07059659193028595
dark-1,2d,2565.196,150.616,130.35272634027046,20.26327365972955,334.144647584141,0.06064222128420313
dark-1,2d,2567.124,149.5067,130.587704135278,18.918995864722007,334.144647584141,0.0566191797519606
dark-1,2d,2569.053,152.3309,130.82280380673524,21.508096193264777,334.144647584141,0.06436762147401694
dark-1,2d,2570.981,147.926,131.05778160174285,16.86821839825714,334.144647584141,0.05048178541902142
dark-1,2d,2572.91,144.2758,131.29288127320004,12.982918726799966,334.144647584141,0.03885418731278865
dark-1,2d,2574.838,137.4408,131.52785906820765,5.912940931792349,334.144647584141,0.0176957523472029
dark-1,2d,2576.767,150.4855,131.76295873966484,18.722541260335163,334.144647584141,0.05603124693362217
dark-1,2d,2578.695,157.64,131.99793653467242,25.642063465327567,334.144647584141,0.07673941106260167
dark-1,2d,2580.624,151.456,132.23303620612964,19.22296379387035,334.144647584141,0.05752886940686312
dark-1,2d,2582.552,155.9714,132.46801400113722,23.50338599886277,334.144647584141,0.07033895700198034
dark-1,2d,2584.48,166.6305,132.70299179614477,33.92750820385524,334.144647584141,0.10153539327698478
dark-1,2d,2586.409,165.6837,132.93809146760202,32.745608532397966,334.144647584141,0.09799830333703696
dark-1,2d,2588.337,160.6451,133.17306926260954,27.47203073739047,334.144647584141,0.08221598321569025
dark-1,2d,2590.266,159.8933,133.40816893406682,26.48513106593319,334.144647584141,0.07926247287640292
dark-1,2d,2592.194,164.5404,133.64314672907435,30.89725327092566,334.144647584141,0.09246670115565869
dark-1,2d,2594.123,166.7397,133.8782464005316,32.861453599468405,334.144647584141,0.09834499471129059
dark-1,2d,2596.051,159.5597,134.11322419553915,25.446475804460846,334.144647584141,0.07615407275992103
dark-1,2d,2597.98,164.0817,134.3483238669964,29.733376133003617,334.144647584141,0.08898354753839488
dark-1,2d,2599.908,161.3168,134.58330166200395,26.733498337996053,334.144647584141,0.08000576556074952
dark-1,2d,2601.837,171.804,134.8184013334612,36.985598666538806,334.144647584141,0.11068738923081345
dark-1,2d,2603.765,174.5207,135.05337912846875,39.46732087153126,334.144647584141,0.1181144787351202
dark-1,2d,2605.694,178.1,135.288478799926,42.811521200074,334.144647584141,0.128122720233888
dark-1,2d,2607.622,181.5626,135.52345659493352,46.03914340506648,334.144647584141,0.13778207652861882
dark-1,2d,2609.551,174.2973,135.75855626639077,38.53874373360924,334.144647584141,0.11533551116932014
dark-1,2d,2611.479,172.8171,135.99353406139832,36.82356593860169,334.144647584141,0.1102024713094623
dark-1,2d,2613.407,180.1859,136.2285118564059,43.9573881435941,334.144647584141,0.1315519744559882
dark-1,2d,2615.336,162.0676,136.46361152786312,25.603988472136876,334.144647584141,0.07662546342505616
dark-1,2d,2617.264,178.6627,136.6985893228707,41.9641106771293,334.144647584141,0.12558666128734655
dark-1,2d,2619.193,173.7955,136.93368899432795,36.86181100567205,334.144647584141,0.11031692792981182
dark-1,2d,2621.121,198.5559,137.1686667893355,61.387233210664505,334.144647584141,0.1837145489370934
dark-1,2d,2623.05,183.5722,137.40376646079275,46.16843353920726,334.144647584141,0.13816900516888148
dark-1,2d,2624.978,199.5712,137.6387442558003,61.9324557441997,334.144647584141,0.18534624508269126
dark-1,2d,2626.907,194.9993,137.87384392725755,57.12545607274245,334.144647584141,0.17096026073066958
dark-1,2d,2628.835,195.1978,138.10882172226508,57.088978277734924,334.144647584141,0.17085109305352358
dark-1,2d,2630.764,186.9455,138.34392139372235,48.601578606277656,334.144647584141,0.14545071710011243
dark-1,2d,2632.692,202.6276,138.57889918872988,64.04870081127012,334.144647584141,0.19167956534495142
dark-1,2d,2634.621,215.5621,138.81399886018716,76.74810113981283,334.144647584141,0.22968526263909966
dark-1,2d,2636.549,209.2397,139.04897665519468,70.19072334480532,334.144647584141,0.21006089384427618
dark-1,2d,2638.478,211.4986,139.28407632665193,72.21452367334808,334.144647584141,0.21611755326759718
dark-1,2d,2640.406,216.4323,139.51905412165948,76.91324587834052,334.144647584141,0.23017949392402876
dark-1,2d,2642.334,212.9995,139.754031916667,73.24546808333301,334.144647584141,0.2192028769962238
dark-1,2d,2644.263,207.3201,139.98913158812428,67.33096841187572,334.144647584141,0.20150245978404036
dark-1,2d,2646.191,220.0452,140.2241093831318,79.82109061686819,334.144647584141,0.2388818471101454
dark-1,2d,2648.12,218.8061,140.45920905458905,78.34689094541093,334.144647584141,0.23446998631238705
dark-1,2d,2650.048,225.4153,140.6941868495966,84.7211131504034,334.144647584141,0.25354622246064784
dark-1,2d,2651.977,213.9473,140.92928652105385,73.01801347894616,334.144647584141,0.21852216998495982
dark-1,2d,2653.905,214.1051,141.16426431606146,72.94083568393853,334.144647584141,0.21829119877065004
dark-1,2d,2655.834,219.0525,141.39936398751865,77.65313601248135,334.144647584141,0.2323937748933342
dark-1,2d,2657.762,222.3183,141.63434178252623,80.68395821747376,334.144647584141,0.2414641646987828
dark-1,2d,2659.691,225.7749,141.86944145398346,83.90545854601655,334.144647584141,0.25110519995651975
dark-1,2d,2661.619,222.6991,142.10441924899104,80.59468075100895,334.144647584141,0.24119698260530836
dark-1,2d,2663.548,219.9129,142.33951892044823,77.57338107955178,334.144647584141,0.23215509103738677
dark-1,2d,2665.476,222.4981,142.57449671545584,79.92360328454416,334.144647584141,0.23918863840073507
dark-1,2d,2667.405,235.0524,142.80959638691309,92.24280361308692,334.144647584141,0.2760565051093905
dark-1,2d,2669.333,220.2781,143.04457418192064,77.23352581807936,334.144647584141,0.23113800079239985
dark-1,2d,2671.261,219.6086,143.27955197692816,76.32904802307183,334.144647584141,0.2284311557133394
dark-1,2d,2673.19,217.3763,143.5146516483854,73.86164835161458,334.144647584141,0.2210469294828835
dark-1,2d,2675.118,226.536,143.74962944339296,82.78637055660704,334.144647584141,0.24775608753619371
dark-1,2d,2677.047,235.7342,143.9847291148502,91.74947088514978,334.144647584141,0.27458010041009656
dark-1,2d,2678.975,230.3897,144.21970690985776,86.16999309014224,334.144647584141,0.25788230849468796
dark-1,2d,2680.904,222.5266,144.454806581315,78.07179341868499,334.144647584141,0.2336466975698772
dark-1,2d,2682.832,218.1235,144.68978437632254,73.43371562367747,334.144647584141,0.2197662484035035
dark-1,2d,2684.761,216.0338,144.9248840477798,71.1089159522202,334.144647584141,0.21280878346050494
dark-1,2d,2686.689,217.499,145.15986184278734,72.33913815721266,334.144647584141,0.21649048901493156
dark-1,2d,2688.618,216.5722,145.39496151424459,71.17723848575542,334.144647584141,0.21301325339300034
dark-1,2d,2690.546,203.0529,145.62993930925214,57.42296069074786,334.144647584141,0.1718506075315427
dark-1,2d,2692.475,204.9618,145.8650389807094,59.096761019290625,334.144647584141,0.1768598163895756
dark-1,2d,2694.403,208.2495,146.10001677571694,62.149483224283074,334.144647584141,0.18599574667325236
dark-1,2d,2696.332,196.3693,146.3351164471742,50.03418355282582,334.144647584141,0.14973809670324498
dark-1,2d,2698.26,197.9601,146.57009424218177,51.390005757818244,334.144647584141,0.1537956873748149
dark-1,2d,2700.188,193.048,146.80507203718932,46.24292796281068,334.144647584141,0.1383919458149221
dark-1,2d,2702.117,191.7996,147.04017170864657,44.75942829135343,334.144647584141,0.1339522527592861
dark-1,2d,2704.045,192.8904,147.27514950365412,45.61525049634588,334.144647584141,0.1365134854804445
dark-1,2d,2705.974,190.7255,147.51024917511137,43.21525082488864,334.144647584141,0.12933096830170415
dark-1,2d,2707.902,188.5131,147.7452269701189,40.767873029881116,334.144647584141,0.12200666185926366
dark-1,2d,2709.831,191.3666,147.98032664157617,43.386273358423836,334.144647584141,0.12984279015721398
dark-1,2d,2711.759,195.127,148.2153044365837,46.911695563416316,334.144647584141,0.1403933772472099
dark-1,2d,2713.688,200.381,148.45040410804094,51.93059589195906,334.144647584141,0.1554135200650862
dark-1,2d,2715.616,200.8487,148.6853819030485,52.163318096951514,334.144647584141,0.15610999150844174
dark-1,2d,2717.545,182.3698,148.92048157450574,33.449318425494255,334.144647584141,0.10010430712367277
dark-1,2d,2719.473,177.377,149.1554593695133,28.221540630486714,334.144647584141,0.08445905339058363
dark-1,2d,2721.402,192.0114,149.39055904097054,42.620840959029465,334.144647584141,0.12755206844454123
dark-1,2d,2723.33,187.827,149.62553683597807,38.20146316402193,334.144647584141,0.11432612624567752
dark-1,2d,2725.259,182.8774,149.86063650743534,33.01676349256465,334.144647584141,0.09880979309791486
dark-1,2d,2727.187,174.5467,150.09561430244287,24.45108569755712,334.144647584141,0.0731751529594682
dark-1,2d,2729.115,173.692,150.33059209745042,23.361407902549587,334.144647584141,0.06991405689557528
dark-1,2d,2731.044,179.287,150.56569176890767,28.721308231092337,334.144647584141,0.08595471583563229
dark-1,2d,2732.972,181.1312,150.80066956391525,30.330530436084757,334.144647584141,0.09077066071647076
dark-1,2d,2734.901,171.2812,151.03576923537247,20.245430764627542,334.144647584141,0.06058882256831463
dark-1,2d,2736.829,181.6998,151.27074703038005,30.42905296961996,334.144647584141,0.09106551066917094
dark-1,2d,2738.758,185.7215,151.50584670183724,34.21565329816275,334.144647584141,0.10239772968246304
dark-1,2d,2740.686,173.7388,151.74082449684485,21.997975503155146,334.144647584141,0.06583369107421011
dark-1,2d,2742.615,180.9924,151.97592416830204,29.01647583169796,334.144647584141,0.08683806860737255
dark-1,2d,2744.543,184.9331,152.21090196330965,32.722198036690344,334.144647584141,0.09792824237428661
dark-1,2d,2746.472,176.3768,152.4460016347669,23.930798365233102,334.144647584141,0.07161808078702528
dark-1,2d,2748.4,182.6282,152.68097942977442,29.947220570225568,334.144647584141,0.0896235231859716
dark-1,2d,2750.329,167.4637,152.9160791012317,14.547620898768287,334.144647584141,0.04353689638289073
dark-1,2d,2752.257,164.3884,153.15105689623923,11.237343103760765,334.144647584141,0.033630175389629986
dark-1,2d,2754.186,174.7114,153.38615656769647,21.325243432303523,334.144647584141,0.06382039510877878
dark-1,2d,2756.114,173.6509,153.62113436270403,20.02976563729598,334.144647584141,0.059943398112496424
dark-1,2d,2758.042,167.9695,153.85611215771155,14.11338784228846,334.144647584141,0.04223736021010053
dark-1,2d,2759.971,164.202,154.09121182916883,10.11078817083117,334.144647584141,0.03025871652870086
dark-1,2d,2761.899,158.8465,154.32618962417635,4.520310375823641,334.144647584141,0.013528004738383191
dark-1,2d,2763.828,169.3483,154.5612892956336,14.787010704366395,334.144647584141,0.04425332206059915
dark-1,2d,2765.756,164.1714,154.79626709064115,9.375132909358854,334.144647584141,0.02805710933016846
dark-1,2d,2767.685,163.2054,155.0313667620984,8.174033237901597,334.144647584141,0.024462559244924888
dark-1,2d,2769.613,160.5805,155.26634455710595,5.314155442894048,334.144647584141,0.0159037574933948
dark-1,2d,2771.542,178.4635,155.5014442285632,22.96205577143681,334.144647584141,0.06871890942276647
dark-1,2d,2773.47,168.8785,155.73642202357075,13.142077976429249,334.144647584141,0.03933050572991728
dark-1,2d,2775.399,170.7609,155.971521695028,14.78937830497199,334.144647584141,0.04426040761657831
dark-1,2d,2777.327,176.8195,156.20649949003558,20.613000509964422,334.144647584141,0.061688854389845824
dark-1,2d,2779.256,177.3696,156.44159916149277,20.928000838507216,334.144647584141,0.06263156088184035
dark-1,2d,2781.184,180.393,156.67657695650038,23.716423043499617,334.144647584141,0.0709765163529294
dark-1,2d,2783.113,180.3508,156.91167662795758,23.439123372042417,334.144647584141,0.07014663721686641
dark-1,2d,2785.041,168.2065,157.14665442296518,11.059845577034821,334.144647584141,0.033098975719040476
dark-1,2d,2786.969,167.4896,157.3816322179727,10.107967782027288,334.144647584141,0.030250275906280974
dark-1,2d,2788.898,165.2445,157.61673188942996,7.627768110570031,334.144647584141,0.022827742912294537
dark-1,2d,2790.826,162.7787,157.8517096844375,4.9269903155624775,334.144647584141,0.014745082260585398
dark-1,2d,2792.755,177.756,158.08680935589476,19.669190644105242,334.144647584141,0.05886429959693531
dark-1,2d,2794.683,162.3351,158.3217871509023,4.0133128490977015,334.144647584141,0.012010705178472471
dark-1,2d,2796.612,170.9569,158.55688682235956,12.400013177640432,334.144647584141,0.03710971660714087
dark-1,2d,2798.54,174.7688,158.79186461736708,15.976935382632917,334.144647584141,0.047814428566029216
dark-1,2d,2800.469,165.4324,159.02696428882436,6.405435711175642,334.144647584141,0.019169649304535658
dark-1,2d,2802.397,160.7155,159.26194208383188,1.4535579161681085,334.144647584141,0.004350085888483633
dark-1,2d,2804.326,166.1579,159.49704175528916,6.660858244710852,334.144647584141,0.019934056382075013
dark-1,2d,2806.254,177.6012,159.73201955029668,17.86918044970332,334.144647584141,0.053477380466504944
dark-1,2d,2808.183,173.7772,159.96711922175393,13.81008077824606,334.144647584141,0.04132964833670886
dark-1,2d,2810.111,159.2486,160.20209701676148,-0.9534970167614745,334.144647584141,-0.0028535456834494835
dark-1,2d,2812.04,156.6893,160.43719668821873,-3.747896688218731,334.144647584141,-0.011216390013474546
dark-1,2d,2813.968,164.4109,160.67217448322629,3.7387255167737123,334.144647584141,0.011188943302861864
dark-1,2d,2815.896,171.6714,160.90715227823387,10.76424772176614,334.144647584141,0.03221433531732868
dark-1,2d,2817.825,171.1389,161.14225194969106,9.996648050308949,334.144647584141,0.029917127575092135
dark-1,2d,2819.753,168.7264,161.37722974469867,7.349170255301345,334.144647584141,0.021993978680896722
dark-1,2d,2821.682,144.6681,161.61232941615586,-16.94422941615585,334.144647584141,-0.050709264800924636
dark-1,2d,2823.61,150.4362,161.84730721116347,-11.411107211163454,334.144647584141,-0.034150201996846354
dark-1,2d,2825.539,164.8973,162.08240688262072,2.8148931173792846,334.144647584141,0.008424175391498576
dark-1,2d,2827.467,165.0041,162.31738467762824,2.6867153223717537,334.144647584141,0.00804057566624709
dark-1,2d,2829.396,177.5604,162.5524843490855,15.007915650914498,334.144647584141,0.04491442780670414
dark-1,2d,2831.324,181.8361,162.78746214409304,19.048637855906946,334.144647584141,0.05700716140039414
dark-1,2d,2833.253,167.3078,163.0225618155503,4.285238184449696,334.144647584141,0.012824500453417048
dark-1,2d,2835.181,170.9209,163.25753961055784,7.663360389442147,334.144647584141,0.022934260491221648
dark-1,2d,2837.11,166.1212,163.4926392820151,2.6285607179848967,334.144647584141,0.007866535456992464
dark-1,2d,2839.038,184.1764,163.72761707702264,20.448782922977358,334.144647584141,0.06119739780607483
dark-1,2d,2840.967,182.9267,163.9627167484799,18.96398325152012,334.144647584141,0.05675381421976779
dark-1,2d,2842.895,175.6486,164.19769454348742,11.450905456512572,334.144647584141,0.034269306838527525
dark-1,2d,2844.823,175.1638,164.43267233849497,10.731127661505042,334.144647584141,0.03211521638634907
dark-1,2d,2846.752,177.4036,164.66777200995222,12.735827990047795,334.144647584141,0.03811471493596433
dark-1,2d,2848.68,171.1888,164.90274980495977,6.286050195040218,334.144647584141,0.0188123623720692
dark-2,dg,1101.49,86.44415,82.14479143971255,4.299358560287445,334.06417136904423,0.012869858334906253
dark-2,dg,1103.418,93.06853,82.07698935122355,10.99154064877645,334.06417136904423,0.032902482788655533
dark-2,dg,1105.347,100.1186,82.0091520956762,18.1094479043238,334.06417136904423,0.054209488644378155
dark-2,dg,1107.275,97.18278,81.94135000718718,15.241429992812812,334.06417136904423,0.04562425814881969
dark-2,dg,1109.203,79.70958,81.87354791869818,-2.1639679186981766,334.06417136904423,-0.006477701304602397
dark-2,dg,1111.132,73.05637,81.80571066315082,-8.749340663150818,334.06417136904423,-0.026190598732257726
dark-2,dg,1113.06,87.95499,81.73790857466182,6.217081425338179,334.06417136904423,0.01861044062240995
dark-2,dg,1114.989,97.47782,81.67007131911446,15.807748680885538,334.06417136904423,0.04731949737711486
dark-2,dg,1116.917,99.22565,81.60226923062545,17.62338076937455,334.06417136904423,0.05275447737227053
dark-2,dg,1118.846,97.37996,81.5344319750781,15.84552802492189,334.06417136904423,0.04743258745762702
dark-2,dg,1120.774,90.64352,81.46662988658909,9.176890113410906,334.06417136904423,0.02747044101078741
dark-2,dg,1122.703,85.56629,81.39879263104174,4.1674973689582515,334.06417136904423,0.01247514018602843
dark-2,dg,1124.631,101.4711,81.33099054255273,20.14010945744728,334.06417136904423,0.060288145762265204
dark-2,dg,1126.56,88.05969,81.26315328700538,6.796536712994623,334.06417136904423,0.020345003431949657
dark-2,dg,1128.488,79.79494,81.19535119851636,-1.400411198516366,334.06417136904423,-0.004192042483266836
dark-2,dg,1130.417,84.94876,81.12751394296902,3.821246057030976,334.06417136904423,0.011438658750415965
dark-2,dg,1132.345,92.97427,81.05971185448001,11.91455814551999,334.06417136904423,0.03566547737427924
dark-2,dg,1134.274,97.03697,80.99187459893265,16.045095401067343,334.06417136904423,0.04802997979493633
dark-2,dg,1136.202,99.22244,80.92407251044365,18.298367489556355,334.06417136904423,0.054775007492024505
dark-2,dg,1138.13,101.9365,80.85627042195463,21.080229578045362,334.06417136904423,0.06310233597232374
dark-2,dg,1140.059,100.1728,80.78843316640729,19.384366833592708,334.06417136904423,0.058025877944805376
dark-2,dg,1141.987,95.21188,80.72063107791827,14.491248922081724,334.06417136904423,0.043378638489408934
dark-2,dg,1143.916,98.54419,80.65279382237092,17.891396177629076,334.06417136904423,0.05355676457103285
dark-2,dg,1145.844,99.9171,80.58499173388192,19.332108266118084,334.06417136904423,0.05786944522333016
dark-2,dg,1147.773,98.37999,80.51715447833456,17.862835521665446,334.06417136904423,0.053471270051083035
dark-2,dg,1149.701,101.4549,80.44935238984556,21.005547610154437,334.06417136904423,0.0628787802177965
dark-2,dg,1151.63,100.7385,80.3815151342982,20.356984865701804,334.06417136904423,0.06093734860064723
dark-2,dg,1153.558,94.93814,80.3137130458092,14.62442695419081,334.06417136904423,0.04377729851799955
dark-2,dg,1155.487,104.9771,80.24587579026183,24.73122420973816,334.06417136904423,0.07403135783279588
dark-2,dg,1157.415,95.48111,80.17807370177283,15.30303629822717,334.06417136904423,0.04580867273348432
dark-2,dg,1159.344,92.68383,80.11023644622549,12.573593553774515,334.06417136904423,0.03763825824914439
dark-2,dg,1161.272,106.4727,80.04243435773647,26.430265642263535,334.06417136904423,0.07911733106231779
dark-2,dg,1163.201,117.0736,79.97459710218912,37.09900289781088,334.06417136904423,0.11105352227918873
dark-2,dg,1165.129,116.4804,79.90679501370012,36.573604986299884,334.06417136904423,0.10948077681128107
dark-2,dg,1167.057,110.608,79.8389929252111,30.769007074788902,334.06417136904423,0.09210507953814076
dark-2,dg,1168.986,109.0599,79.77115566966374,29.288744330336257,334.06417136904423,0.08767400649493977
dark-2,dg,1170.914,114.2162,79.70335358117474,34.51284641882526,334.06417136904423,0.10331202618163608
dark-2,dg,1172.843,118.214,79.63551632562738,38.57848367437262,334.06417136904423,0.11548225455089155
dark-2,dg,1174.771,112.0057,79.56771423713838,32.43798576286163,334.06417136904423,0.09710106184068162
dark-2,dg,1176.7,104.1729,79.49987698159103,24.67302301840897,334.06417136904423,0.07385713624210367
dark-2,dg,1178.628,110.2952,79.43207489310203,30.863125106897968,334.06417136904423,0.09238681592346863
dark-2,dg,1180.557,110.2627,79.36423763755467,30.89846236244533,334.06417136904423,0.09249259576631302
dark-2,dg,1182.485,108.2261,79.29643554906566,28.92966445093434,334.06417136904423,0.08659912355274829
dark-2,dg,1184.414,100.2316,79.2285982935183,21.003001706481697,334.06417136904423,0.06287115921593238
dark-2,dg,1186.342,102.2889,79.1607962050293,23.1281037949707,334.06417136904423,0.06923251811227861
dark-2,dg,1188.271,124.505,79.09295894948194,45.412041050518056,334.06417136904423,0.1359380770000351
dark-2,dg,1190.199,116.8304,79.02515686099294,37.80524313900706,334.06417136904423,0.11316760784036073
dark-2,dg,1192.128,126.7016,78.95731960544558,47.74428039455442,334.06417136904423,0.14291948818962333
dark-2,dg,1194.056,111.3039,78.88951751695657,32.414382483043426,334.06417136904423,0.09703040691315236
dark-2,dg,1195.984,103.2916,78.82171542846757,24.469884571532432,334.06417136904423,0.07324905413008297
dark-2,dg,1197.913,109.7723,78.75387817292021,31.01842182707979,334.06417136904423,0.09285168684795417
dark-2,dg,1199.841,115.2342,78.6860760844312,36.548123915568794,334.06417136904423,0.10940450083524131
dark-2,dg,1201.77,119.1081,78.61823882888385,40.48986117111615,334.06417136904423,0.1212038423790936
dark-2,dg,1203.698,127.5912,78.55043674039484,49.04076325960516,334.06417136904423,0.14680042776999663
dark-2,dg,1205.627,134.5407,78.4825994848475,56.05810051515249,334.06417136904423,0.16780638368196782
dark-2,dg,1207.555,129.2541,78.41479739635848,50.839302603641514,334.06417136904423,0.15218424171408312
dark-2,dg,1209.484,131.5628,78.34696014081113,53.215839859188875,334.06417136904423,0.15929825590425492
dark-2,dg,1211.412,126.351,78.27915805232212,48.07184194767788,334.06417136904423,0.14390002301256188
dark-2,dg,1213.341,123.783,78.21132079677477,45.57167920322523,334.06417136904423,0.13641594372861288
dark-2,dg,1215.269,130.83,78.14351870828575,52.68648129171426,334.06417136904423,0.15771365446284555
dark-2,dg,1217.198,130.0605,78.0756814527384,51.9848185472616,334.06417136904423,0.15561327134909483
dark-2,dg,1219.126,121.001,78.00787936424939,42.993120635750614,334.06417136904423,0.12869719149934117
dark-2,dg,1221.055,122.9128,77.94004210870204,44.97275789129796,334.06417136904423,0.13462311060474688
dark-2,dg,1222.983,139.9023,77.87224002021304,62.030059979786955,334.06417136904423,0.18568306719508
dark-2,dg,1224.911,144.5023,77.80443793172402,66.69786206827597,334.06417136904423,0.1996558379635215
dark-2,dg,1226.84,139.7317,77.73660067617668,61.99509932382331,334.06417136904423,0.18557841467930622
dark-2,dg,1228.768,133.6672,77.66879858768766,55.99840141231235,334.06417136904423,0.16762767818776447
dark-2,dg,1230.697,136.5553,77.60096133214032,58.95433866785967,334.06417136904423,0.17647608968736786
dark-2,dg,1232.625,144.5611,77.5331592436513,67.02794075634871,334.06417136904423,0.20064390767096732
dark-2,dg,1234.554,150.0424,77.46532198810395,72.57707801189603,334.06417136904423,0.2172548996034638
dark-2,dg,1236.482,150.7268,77.39751989961495,73.32928010038505,334.06417136904423,0.21950656905190055
dark-2,dg,1238.411,148.3188,77.32968264406759,70.98911735593242,334.06417136904423,0.21250143966354892
dark-2,dg,1240.339,146.7021,77.26188055557859,69.44021944442142,334.06417136904423,0.2078649115822423
dark-2,dg,1242.268,150.482,77.19404330003123,73.28795669996877,334.06417136904423,0.21938287006243118
dark-2,dg,1244.196,158.84,77.12624121154222,81.71375878845778,334.06417136904423,0.2446049765037141
dark-2,dg,1246.125,152.9127,77.05840395599486,75.85429604400514,334.06417136904423,0.2270650448180152
dark-2,dg,1248.053,152.5991,76.99060186750586,75.60849813249413,334.06417136904423,0.22632926429266378
dark-2,dg,1249.982,164.8919,76.92276461195851,87.96913538804148,334.06417136904423,0.2633300513117914
dark-2,dg,1251.91,165.5092,76.8549625234695,88.6542374765305,334.06417136904423,0.265380861147762
dark-2,dg,1253.839,168.6588,76.78712526792215,91.87167473207786,334.06417136904423,0.2750120563829823
dark-2,dg,1255.767,176.2182,76.71932317943313,99.49887682056686,334.06417136904423,0.2978436041578652
dark-2,dg,1257.695,181.7539,76.65152109094413,105.10237890905586,334.06417136904423,0.3146173337844966
dark-2,dg,1259.624,187.0971,76.58368383539677,110.51341616460324,334.06417136904423,0.3308149320883559
dark-2,dg,1261.552,191.4848,76.51588174690777,114.96891825309224,334.06417136904423,0.34415219621407667
dark-2,dg,1263.481,198.4204,76.44804449136042,121.97235550863958,334.06417136904423,0.36511654335386784
dark-2,dg,1265.409,197.611,76.3802424028714,121.23075759712859,334.06417136904423,0.36289661683953434
dark-2,dg,1267.338,193.9559,76.31240514732406,117.64349485267596,334.06417136904423,0.3521583723586866
dark-2,dg,1269.266,202.8028,76.24460305883504,126.55819694116495,334.06417136904423,0.3788439700747039
dark-2,dg,1271.195,212.0741,76.1767658032877,135.89733419671228,334.06417136904423,0.4068000876591613
dark-2,dg,1273.123,214.4548,76.10896371479868,138.34583628520133,334.06417136904423,0.4141295240319837
dark-2,dg,1275.052,218.1416,76.04112645925133,142.10047354074868,334.06417136904423,0.4253687935416719
dark-2,dg,1276.98,225.3344,75.97332437076233,149.36107562923766,334.06417136904423,0.44710294736826744
dark-2,dg,1278.909,226.5578,75.90548711521497,150.65231288478503,334.06417136904423,0.45096818454786586
dark-2,dg,1280.837,231.8427,75.83768502672596,156.00501497327406,334.06417136904423,0.46699116021314857
dark-2,dg,1282.766,247.9273,75.7698477711786,172.1574522288214,334.06417136904423,0.5153424610705625
dark-2,dg,1284.694,252.4371,75.7020456826896,176.7350543173104,334.06417136904423,0.5290452238353609
dark-2,dg,1286.622,244.6302,75.63424359420058,168.9959564057994,334.06417136904423,0.5058787229807646
dark-2,dg,1288.551,254.4426,75.56640633865324,178.87619366134675,334.06417136904423,0.5354545892433952
dark-2,dg,1290.479,267.4938,75.49860425016423,191.99519574983577,334.06417136904423,0.5747254934972857
dark-2,dg,1292.408,276.8991,75.43076699461687,201.4683330053831,334.06417136904423,0.6030827316193058
dark-2,dg,1294.336,287.7726,75.36296490612787,212.40963509387214,334.06417136904423,0.6358348284504326
dark-2,dg,1296.265,299.1041,75.29512765058051,223.8089723494195,334.06417136904423,0.6699580246280746
dark-2,dg,1298.193,303.6048,75.22732556209151,228.37747443790852,334.06417136904423,0.6836335471175612
dark-2,dg,1300.122,309.9219,75.15948830654415,234.76241169345585,334.06417136904423,0.702746453567184
dark-2,dg,1302.05,331.0051,75.09168621805514,255.91341378194488,334.06417136904423,0.7660606425800587
dark-2,dg,1303.979,343.2325,75.02384896250778,268.20865103749225,334.06417136904423,0.802865658829361
dark-2,dg,1305.907,349.32,74.95604687401878,274.3639531259812,334.06417136904423,0.8212911669084334
dark-2,dg,1307.836,347.3722,74.88820961847144,272.4839903815286,334.06417136904423,0.8156636171572935
dark-2,dg,1309.764,364.4968,74.82040752998243,289.67639247001756,334.06417136904423,0.8671279870657215
dark-2,dg,1311.693,384.4641,74.75257027443507,309.7115297255649,334.06417136904423,0.927101905170858
dark-2,dg,1313.621,401.6657,74.68476818594606,326.980931814054,334.06417136904423,0.9787967697165425
dark-2,dg,1315.549,414.6595,74.61696609745705,340.0425339025429,334.06417136904423,1.0178958506953872
dark-2,dg,1317.478,408.7772,74.54912884190969,334.2280711580903,334.06417136904423,1.0004906236678253
dark-2,dg,1319.406,424.521,74.48132675342069,350.03967324657935,334.06417136904423,1.0478216559772489
dark-2,dg,1321.335,438.563,74.41348949787334,364.14951050212665,334.06417136904423,1.0900585627299937
dark-2,dg,1323.263,454.6984,74.34568740938434,380.3527125906156,334.06417136904423,1.1385618249088914
dark-2,dg,1325.192,468.0185,74.27785015383698,393.740649846163,334.06417136904423,1.1786377696014385
dark-2,dg,1327.12,467.683,74.21004806534798,393.47295193465203,334.06417136904423,1.1778364328091273
dark-2,dg,1329.049,473.807,74.14221080980062,399.6647891901994,334.06417136904423,1.196371306603501
dark-2,dg,1330.977,484.4498,74.0744087213116,410.37539127868837,334.06417136904423,1.2284328175539134
dark-2,dg,1332.906,472.5272,74.00657146576425,398.52062853423575,334.06417136904423,1.1929463339364992
dark-2,dg,1334.834,455.9862,73.93876937727525,382.04743062272473,334.06417136904423,1.1436348563123009
dark-2,dg,1336.763,471.0626,73.87093212172789,397.1916678782721,334.06417136904423,1.1889681741400824
dark-2,dg,1338.691,462.7793,73.80313003323889,388.97616996676106,334.06417136904423,1.164375599971345
dark-2,dg,1340.62,454.5415,73.73529277769154,380.80620722230844,334.06417136904423,1.1399193324495365
dark-2,dg,1342.548,460.9974,73.66749068920252,387.3299093107975,334.06417136904423,1.159447622663222
dark-2,dg,1344.476,463.2715,73.5996886007135,389.6718113992865,334.06417136904423,1.1664579586681025
dark-2,dg,1346.405,419.2877,73.53185134516616,345.7558486548338,334.06417136904423,1.0349982975961636
dark-2,dg,1348.333,420.338,73.46404925667716,346.8739507433229,334.06417136904423,1.0383452655870946
dark-2,dg,1350.262,415.0186,73.3962120011298,341.6223879988702,334.06417136904423,1.0226250441609803
dark-2,dg,1352.19,393.1688,73.3284099126408,319.8403900873592,334.06417136904423,0.9574220090008638
dark-2,dg,1354.119,378.2362,73.26057265709345,304.97562734290653,334.06417136904423,0.9129252804725255
dark-2,dg,1356.047,366.7669,73.19277056860443,293.5741294313956,334.06417136904423,0.8787956165077072
dark-2,dg,1357.976,360.526,73.12493331305707,287.40106668694295,334.06417136904423,0.8603169430266376
dark-2,dg,1359.904,362.9251,73.05713122456807,289.8679687754319,334.06417136904423,0.8677014586374535
dark-2,dg,1361.833,347.6006,72.98929396902071,274.6113060309793,334.06417136904423,0.8220316022085866
dark-2,dg,1363.761,314.9758,72.9214918805317,242.0543081194683,334.06417136904423,0.7245742850168398
dark-2,dg,1365.69,310.1606,72.85365462498436,237.30694537501563,334.06417136904423,0.7103633544492268
dark-2,dg,1367.618,303.5515,72.78585253649536,230.76564746350462,334.06417136904423,0.6907823922505457
dark-2,dg,1369.547,292.1884,72.718015280948,219.470384719052,334.06417136904423,0.6569707365492983
dark-2,dg,1371.475,279.3649,72.65021319245899,206.714686807541,334.06417136904423,0.6187873604056183
dark-2,dg,1373.403,276.1145,72.58241110396997,203.53208889603005,334.06417136904423,0.6092604545465787
dark-2,dg,1375.332,266.265,72.51457384842263,193.75042615157736,334.06417136904423,0.5799796648576815
dark-2,dg,1377.26,243.1155,72.44677175993361,170.6687282400664,334.06417136904423,0.5108860598268913
dark-2,dg,1379.189,257.5781,72.37893450438627,185.19916549561373,334.06417136904423,0.5543820061176876
dark-2,dg,1381.117,248.4941,72.31113241589726,176.18296758410276,334.06417136904423,0.5273925870651707
dark-2,dg,1383.046,243.2077,72.2432951603499,170.9644048396501,334.06417136904423,0.5117711490550236
dark-2,dg,1384.974,240.0614,72.1754930718609,167.8859069281391,334.06417136904423,0.5025558599718069
dark-2,dg,1386.903,231.8012,72.10765581631354,159.69354418368647,334.06417136904423,0.47803253946461477
dark-2,dg,1388.831,220.4289,72.03985372782454,148.38904627217545,334.06417136904423,0.44419323887400214
dark-2,dg,1390.76,211.7262,71.97201647227718,139.75418352772283,334.06417136904423,0.4183453225617988
dark-2,dg,1392.688,210.8812,71.90421438378817,138.97698561621183,334.06417136904423,0.41601882969569487
dark-2,dg,1394.617,214.9398,71.83637712824083,143.10342287175916,334.06417136904423,0.4283710590252772
dark-2,dg,1396.545,210.2473,71.76857503975181,138.4787249602482,334.06417136904423,0.41452731788848224
dark-2,dg,1398.474,193.9923,71.70073778420446,122.29156221579554,334.06417136904423,0.36607206847303225
dark-2,dg,1400.402,190.357,71.63293569571545,118.72406430428455,334.06417136904423,0.3553929887713963
dark-2,dg,1402.33,199.0857,71.56513360722644,127.52056639277356,334.06417136904423,0.3817247622520412
dark-2,dg,1404.259,179.8089,71.49729635167908,108.31160364832091,334.06417136904423,0.3242239453708669
dark-2,dg,1406.187,179.5208,71.42949426319008,108.09130573680993,334.06417136904423,0.32356449748512633
dark-2,dg,1408.116,185.4602,71.36165700764273,114.09854299235725,334.06417136904423,0.3415467828374549
dark-2,dg,1410.044,190.0305,71.29385491915372,118.73664508084627,334.06417136904423,0.3554306485315261
dark-2,dg,1411.973,179.8003,71.22601766360637,108.57428233639362,334.06417136904423,0.3250102574347923
dark-2,dg,1413.901,176.2829,71.15821557511735,105.12468442488266,334.06417136904423,0.31468410393747465
dark-2,dg,1415.83,173.6746,71.09037831957001,102.58422168042999,334.06417136904423,0.307079389148572
dark-2,dg,1417.758,165.7157,71.02257623108099,94.69312376891901,334.06417136904423,0.2834578858931583
dark-2,dg,1419.687,168.1559,70.95473897553364,97.20116102446636,334.06417136904423,0.29096553702877404
dark-2,dg,1421.615,173.8517,70.88693688704464,102.96476311295535,334.06417136904423,0.30821851589468746
dark-2,dg,1423.544,165.157,70.81909963149728,94.33790036850273,334.06417136904423,0.2823945470772639
dark-2,dg,1425.472,158.3344,70.75129754300828,87.58310245699171,334.06417136904423,0.26217448611164507
dark-2,dg,1427.401,163.1163,70.68346028746092,92.43283971253908,334.06417136904423,0.27669186831301207
dark-2,dg,1429.329,167.1768,70.61565819897191,96.56114180102807,334.06417136904423,0.28904967990223634
dark-2,dg,1431.257,153.2332,70.5478561104829,82.68534388951711,334.06417136904423,0.24751335514569067
dark-2,dg,1433.186,162.0386,70.48001885493555,91.55858114506445,334.06417136904423,0.2740748305029057
dark-2,dg,1435.114,170.0685,70.41221676644655,99.65628323355345,334.06417136904423,0.2983147903145294
dark-2,dg,1437.043,161.2147,70.34437951089919,90.8703204891008,334.06417136904423,0.27201456569467125
dark-2,dg,1438.971,154.5745,70.27657742241018,84.29792257758982,334.06417136904423,0.2523405076100334
dark-2,dg,1440.9,158.2301,70.20874016686282,88.02135983313717,334.06417136904423,0.26348638189008017
dark-2,dg,1442.828,153.238,70.14093807837382,83.09706192162618,334.06417136904423,0.24874580707377916
dark-2,dg,1444.757,143.2689,70.07310082282646,73.19579917717354,334.06417136904423,0.21910700233792316
dark-2,dg,1446.685,150.7907,70.00529873433746,80.78540126566253,334.06417136904423,0.24182599688734066
dark-2,dg,1448.614,164.0817,69.9374614787901,94.14423852120991,334.06417136904423,0.28181483256762596
dark-2,dg,1450.542,161.3646,69.8696593903011,91.4949406096989,334.06417136904423,0.27388432657934897
dark-2,dg,1452.471,163.6816,69.80182213475375,93.87977786524625,334.06417136904423,0.28102318629535483
dark-2,dg,1454.399,165.7558,69.73402004626475,96.02177995373525,334.06417136904423,0.28743513427442346
dark-2,dg,1456.328,144.8888,69.66618279071739,75.22261720928262,334.06417136904423,0.22517415411838163
dark-2,dg,1458.256,144.4518,69.59838070222837,74.85341929777162,334.06417136904423,0.2240689834860508
dark-2,dg,1460.184,153.4846,69.53057861373937,83.95402138626064,334.06417136904423,0.25131106111201534
dark-2,dg,1462.113,149.3197,69.462741358192,79.856958641808,334.06417136904423,0.23904676252632065
dark-2,dg,1464.041,149.0238,69.394939269703,79.62886073029699,334.06417136904423,0.23836396583316966
dark-2,dg,1465.97,162.2508,69.32710201415566,92.92369798584434,334.06417136904423,0.27816122155521594
dark-2,dg,1467.898,167.7501,69.25929992566665,98.49080007433335,334.06417136904423,0.29482599008059895
dark-2,dg,1469.827,146.5476,69.1914626701193,77.3561373298807,334.06417136904423,0.23156071186222646
dark-2,dg,1471.755,143.7248,69.12366058163028,74.60113941836971,334.06417136904423,0.22331379959917055
dark-2,dg,1473.684,149.2743,69.05582332608293,80.21847667391708,334.06417136904423,0.24012894392466555
dark-2,dg,1475.612,156.9,68.98802123759391,87.9119787624061,334.06417136904423,0.2631589565625366
dark-2,dg,1477.541,156.9417,68.92018398204657,88.02151601795343,334.06417136904423,0.26348684941946415
dark-2,dg,1479.469,151.4743,68.85238189355756,82.62191810644244,334.06417136904423,0.24732349406955445
dark-2,dg,1481.398,149.4297,68.7845446380102,80.6451553619898,334.06417136904423,0.24140617963157815
dark-2,dg,1483.326,152.9731,68.7167425495212,84.25635745047879,334.06417136904423,0.25221608502696896
dark-2,dg,1485.255,158.5309,68.64890529397384,89.88199470602616,334.06417136904423,0.2690560748782981
dark-2,dg,1487.183,163.368,68.58110320548484,94.78689679451516,334.06417136904423,0.28373858952327774
dark-2,dg,1489.111,163.3243,68.51330111699582,94.81099888300417,334.06417136904423,0.2838107376030621
dark-2,dg,1491.04,156.3405,68.44546386144847,87.89503613855152,334.06417136904423,0.26310823988799725
dark-2,dg,1492.968,162.7635,68.37766177295947,94.38583822704052,334.06417136904423,0.2825380460294004
dark-2,dg,1494.897,163.7918,68.30982451741211,95.48197548258788,334.06417136904423,0.28581926368005484
dark-2,dg,1496.825,155.8675,68.24202242892311,87.6254775710769,334.06417136904423,0.262301333339564
dark-2,dg,1498.754,168.0928,68.17418517337576,99.91861482662425,334.06417136904423,0.2991000633714865
dark-2,dg,1500.682,155.4271,68.10638308488674,87.32071691511325,334.06417136904423,0.26138905156233927
dark-2,dg,1502.611,165.0491,68.03854582933938,97.01055417066063,334.06417136904423,0.2903949674492092
dark-2,dg,1504.539,174.9922,67.97074374085038,107.02145625914962,334.06417136904423,0.32036197063743743
dark-2,dg,1506.468,175.1362,67.90290648530302,107.23329351469698,334.06417136904423,0.3209960920838626
dark-2,dg,1508.396,179.2567,67.83510439681402,111.42159560318598,334.06417136904423,0.33353350988393593
dark-2,dg,1510.325,187.0115,67.76726714126667,119.24423285873334,334.06417136904423,0.3569500804891853
dark-2,dg,1512.253,185.1004,67.69946505277767,117.40093494722234,334.06417136904423,0.3514322845999797
dark-2,dg,1514.182,179.5132,67.63162779723031,111.8815722027697,334.06417136904423,0.33491042078610983
dark-2,dg,1516.11,188.1742,67.5638257087413,120.61037429125871,334.06417136904423,0.3610395385921801
dark-2,dg,1518.038,198.9634,67.49602362025229,131.46737637974772,334.06417136904423,0.3935392886970639
dark-2,dg,1519.967,191.6846,67.42818636470493,124.25641363529506,334.06417136904423,0.37195372711199154
dark-2,dg,1521.895,202.8772,67.36038427621592,135.51681572378408,334.06417136904423,0.40566102964115003
dark-2,dg,1523.824,198.14,67.29254702066858,130.84745297933142,334.06417136904423,0.39168358714764073
dark-2,dg,1525.752,209.7202,67.22474493217958,142.49545506782044,334.06417136904423,0.42655114579888365
dark-2,dg,1527.681,218.7083,67.15690767663222,151.5513923233678,334.06417136904423,0.4536595220681339
dark-2,dg,1529.609,212.4184,67.08910558814321,145.32929441185678,334.06417136904423,0.4350340649111693
dark-2,dg,1531.538,210.953,67.02126833259585,143.93173166740416,334.06417136904423,0.4308505490952553
dark-2,dg,1533.466,223.8318,66.95346624410685,156.87833375589315,334.06417136904423,0.46960538483663966
dark-2,dg,1535.395,242.8459,66.88562898855949,175.9602710114405,334.06417136904423,0.5267259589387553
dark-2,dg,1537.323,257.0238,66.81782690007049,190.2059730999295,334.06417136904423,0.569369568488705
dark-2,dg,1539.252,262.3308,66.74998964452314,195.58081035547687,334.06417136904423,0.5854588043786852
dark-2,dg,1541.18,271.5744,66.68218755603412,204.8922124439659,334.06417136904423,0.6133318984920992
dark-2,dg,1543.109,279.5384,66.61435030048678,212.92404969951326,334.06417136904423,0.6373746960858422
dark-2,dg,1545.037,284.3569,66.54654821199776,217.81035178800224,334.06417136904423,0.6520015328054586
dark-2,dg,1546.965,305.5257,66.47874612350876,239.04695387649122,334.06417136904423,0.7155719600124777
dark-2,dg,1548.894,322.5818,66.4109088679614,256.1708911320386,334.06417136904423,0.7668313847672216
dark-2,dg,1550.822,303.2633,66.3431067794724,236.9201932205276,334.06417136904423,0.7092056362991389
dark-2,dg,1552.751,311.9122,66.27526952392503,245.63693047607495,334.06417136904423,0.7352986387897229
dark-2,dg,1554.679,336.4409,66.20746743543603,270.23343256456394,334.06417136904423,0.8089267144606005
dark-2,dg,1556.608,344.621,66.13963017988868,278.4813698201113,334.06417136904423,0.8336163937570844
dark-2,dg,1558.536,347.3493,66.07182809139967,281.2774719086004,334.06417136904423,0.841986348778092
dark-2,dg,1560.465,358.9433,66.00399083585232,292.9393091641477,334.06417136904423,0.8768953221281983
dark-2,dg,1562.393,375.4619,65.9361887473633,309.5257112526367,334.06417136904423,0.9265456693070517
dark-2,dg,1564.322,388.3021,65.86835149181596,322.43374850818407,334.06417136904423,0.9651850636564916
dark-2,dg,1566.25,391.5057,65.80054940332695,325.70515059667304,334.06417136904423,0.9749777992111076
dark-2,dg,1568.179,401.0166,65.7327121477796,335.2838878522204,334.06417136904423,1.003651144264222
dark-2,dg,1570.107,392.7997,65.66491005929059,327.13478994070937,334.06417136904423,0.9792573343021574
dark-2,dg,1572.036,397.7883,65.59707280374323,332.19122719625676,334.06417136904423,0.9943934598998992
dark-2,dg,1573.964,404.9329,65.52927071525423,339.40362928474576,334.06417136904423,1.0159833300704462
dark-2,dg,1575.892,393.2435,65.46146862676521,327.78203137323476,334.06417136904423,0.9811948106554967
dark-2,dg,1577.821,406.4802,65.39363137121786,341.0865686287822,334.06417136904423,1.0210211027149638
dark-2,dg,1579.749,401.9161,65.32582928272885,336.5902707172711,334.06417136904423,1.0075617188693853
dark-2,dg,1581.678,401.8258,65.2579920271815,336.5678079728185,334.06417136904423,1.0074944780624453
dark-2,dg,1583.606,384.2289,65.1901899386925,319.0387100613075,334.06417136904423,0.9550222304709894
dark-2,dg,1585.535,386.7253,65.12235268314514,321.60294731685485,334.06417136904423,0.9626981127574339
dark-2,dg,1587.463,390.5076,65.05455059465613,325.4530494053439,334.06417136904423,0.9742231502156886
dark-2,dg,1589.392,374.7329,64.98671333910877,309.7461866608912,334.06417136904423,0.9272056485180846
dark-2,dg,1591.32,370.3345,64.91891125061977,305.4155887493802,334.06417136904423,0.9142422771581343
dark-2,dg,1593.249,343.8568,64.85107399507241,279.0057260049276,334.06417136904423,0.8351860208819193
dark-2,dg,1595.177,338.0887,64.78327190658341,273.3054280934166,334.06417136904423,0.8181225390719713
dark-2,dg,1597.106,350.255,64.71543465103606,285.53956534896395,334.06417136904423,0.8547446563298923
dark-2,dg,1599.034,344.0726,64.64763256254705,279.424967437453,334.06417136904423,0.8364409936340323
dark-2,dg,1600.963,321.0858,64.5797953069997,256.5060046930003,334.06417136904423,0.7678345260486956
dark-2,dg,1602.891,308.5822,64.51199321851068,244.07020678148933,334.06417136904423,0.7306087503525255
dark-2,dg,1604.819,302.4151,64.44419113002168,237.9709088699783,334.06417136904423,0.7123508872404317
dark-2,dg,1606.748,286.4419,64.37635387447432,222.06554612552566,334.06417136904423,0.6647391883286026
dark-2,dg,1608.676,272.789,64.30855178598532,208.48044821401467,334.06417136904423,0.6240730556636201
dark-2,dg,1610.605,262.8101,64.24071453043797,198.569385469562,334.06417136904423,0.5944049152466587
dark-2,dg,1612.533,251.5759,64.17291244194897,187.40298755805102,334.06417136904423,0.5609790082846836
dark-2,dg,1614.462,235.7302,64.1050751864016,171.6251248135984,334.06417136904423,0.5137489725709086
dark-2,dg,1616.39,229.9849,64.03727309791259,165.94762690208742,334.06417136904423,0.49675374112108334
dark-2,dg,1618.319,230.2486,63.96943584236524,166.27916415763477,334.06417136904423,0.4977461769581522
dark-2,dg,1620.247,209.7279,63.90163375387623,145.82626624612377,334.06417136904423,0.4365217187120254
dark-2,dg,1622.176,188.1243,63.83379649832888,124.29050350167113,334.06417136904423,0.37205577297412745
dark-2,dg,1624.104,181.9274,63.76599440983987,118.16140559016014,334.06417136904423,0.35370870544397887
dark-2,dg,1626.033,175.7604,63.698157154292524,112.06224284570749,334.06417136904423,0.33545124694593825
dark-2,dg,1627.961,159.6083,63.63035506580351,95.9779449341965,334.06417136904423,0.2873039169117261
dark-2,dg,1629.89,154.9938,63.56251781025615,91.43128218974384,334.06417136904423,0.2736937691194029
dark-2,dg,1631.818,155.4495,63.49471572176715,91.95478427823285,334.06417136904423,0.27526083956082026
dark-2,dg,1633.746,151.3971,63.42691363327814,87.97018636672186,334.06417136904423,0.26333319735009914
dark-2,dg,1635.675,148.9572,63.35907637773079,85.59812362226921,334.06417136904423,0.2562325773263127
dark-2,dg,1637.603,143.327,63.29127428924178,80.03572571075821,334.06417136904423,0.23958189045763276
dark-2,dg,1639.532,141.3868,63.22343703369443,78.16336296630556,334.06417136904423,0.23397709082653362
dark-2,dg,1641.46,132.6636,63.15563494520542,69.50796505479458,334.06417136904423,0.20806770378858855
dark-2,dg,1643.389,123.67,63.08779768965807,60.582202310341934,334.06417136904423,0.18134899669745227
dark-2,dg,1645.317,124.4468,63.01999560116906,61.42680439883094,334.06417136904423,0.18387725971059643
dark-2,dg,1647.246,124.2038,62.9521583456217,61.251641654378304,334.06417136904423,0.18335292109704565
dark-2,dg,1649.174,114.9273,62.884356257132694,52.04294374286731,334.06417136904423,0.15578726545138813
dark-2,dg,1651.103,106.9819,62.81651900158534,44.165380998414655,334.06417136904423,0.1322062788637836
dark-2,dg,1653.031,107.535,62.74871691309634,44.78628308690366,334.06417136904423,0.13406491005414578
dark-2,dg,1654.96,121.4364,62.68087965754898,58.75552034245103,334.06417136904423,0.17588093958613474
dark-2,dg,1656.888,117.1491,62.613077569059975,54.53602243094003,334.06417136904423,0.1632501390599398
dark-2,dg,1658.817,110.2514,62.54524031351262,47.70615968648738,334.06417136904423,0.1428053762574433
dark-2,dg,1660.745,109.5925,62.47743822502362,47.11506177497638,334.06417136904423,0.14103596198865598
dark-2,dg,1662.673,106.7158,62.4096361365346,44.3061638634654,334.06417136904423,0.13262770347952074
dark-2,dg,1664.602,101.0605,62.34179888098725,38.718701119012756,334.06417136904423,0.11590198661633724
dark-2,dg,1666.53,97.88998,62.273996792498245,35.61598320750175,334.06417136904423,0.10661419649267444
dark-2,dg,1668.459,98.70729,62.206159536950885,36.501130463049115,334.06417136904423,0.10926382890287845
dark-2,dg,1670.387,90.08436,62.13835744846188,27.946002551538122,334.06417136904423,0.08365459377763046
dark-2,dg,1672.316,96.75684,62.07052019291453,34.68631980708547,334.06417136904423,0.10383130781411193
dark-2,dg,1674.244,102.4496,62.002718104425526,40.44688189557448,334.06417136904423,0.12107518663200903
dark-2,dg,1676.173,102.8636,61.934880848878166,40.92871915112184,334.06417136904423,0.12251753602725463
dark-2,dg,1678.101,97.93356,61.867078760389155,36.066481239610845,334.06417136904423,0.10796273390170842
dark-2,dg,1680.03,83.08697,61.7992415048418,21.28772849515819,334.06417136904423,0.06372347087662213
dark-2,dg,1681.958,82.57955,61.73143941635279,20.848110583647205,334.06417136904423,0.06240750242149158
dark-2,dg,1683.887,78.2217,61.663602160805446,16.558097839194552,334.06417136904423,0.04956562019607498
dark-2,dg,1685.815,81.8694,61.595800072316436,20.273599927683563,334.06417136904423,0.06068774105465834
dark-2,dg,1687.744,91.0152,61.52796281676908,29.48723718323091,334.06417136904423,0.08826818231475667
dark-2,dg,1689.672,90.19749,61.46016072828007,28.73732927171993,334.06417136904423,0.08602338034022061
dark-2,dg,1691.6,84.20539,61.39235863979107,22.813031360208925,334.06417136904423,0.06828936867643651
dark-2,dg,1693.529,81.13186,61.32452138424371,19.807338615756294,334.06417136904423,0.059292017262979446
dark-2,dg,1695.457,80.90571,61.2567192957547,19.6489907042453,334.06417136904423,0.05881801278994044
dark-2,dg,1697.386,86.16083,61.18888204020735,24.97194795979265,334.06417136904423,0.07475194917627331
dark-2,dg,1699.314,72.89599,61.12107995171834,11.774910048281654,334.06417136904423,0.035247449614325105
dark-2,dg,1701.243,87.47255,61.05324269617099,26.419307303829008,334.06417136904423,0.07908452796826068
dark-2,dg,1703.171,88.39377,60.98544060768198,27.408329392318024,334.06417136904423,0.08204510313091838
dark-2,dg,1705.1,93.70699,60.917603352134634,32.78938664786537,334.06417136904423,0.09815295819808999
dark-2,dg,1707.028,91.39331,60.84980126364562,30.543508736354383,334.06417136904423,0.09143006450282465
dark-2,dg,1708.957,82.63361,60.781964008098264,21.85164599190174,334.06417136904423,0.06541152229031469
dark-2,dg,1710.885,88.464,60.71416191960926,27.749838080390738,334.06417136904423,0.08306738782153085
dark-2,dg,1712.814,91.36079,60.64632466406191,30.714465335938087,334.06417136904423,0.09194181228733893
dark-2,dg,1714.742,82.31208,60.5785225755729,21.733557424427097,334.06417136904423,0.06505803162116959
dark-2,dg,1716.671,77.82349,60.510685320025544,17.312804679974462,334.06417136904423,0.05182478746231311
dark-2,dg,1718.599,75.87706,60.44288323153654,15.434176768463459,334.06417136904423,0.04620123344928589
dark-2,dg,1720.527,81.21669,60.375081143047524,20.841608856952476,334.06417136904423,0.06238803991323131
dark-2,dg,1722.456,87.2772,60.30724388750018,26.969956112499816,334.06417136904423,0.08073286040215855
dark-2,dg,1724.384,84.94929,60.23944179901117,24.709848200988837,334.06417136904423,0.07396737010055354
dark-2,dg,1726.313,92.5394,60.171604543463815,32.367795456536186,334.06417136904423,0.09689095159139093
dark-2,dg,1728.241,91.10048,60.103802454974804,30.9966775450252,334.06417136904423,0.09278659671282989
dark-2,dg,1730.17,89.27464,60.03596519942745,29.238674800572554,334.06417136904423,0.08752412651960895
dark-2,dg,1732.098,89.24591,59.96816311093845,29.277746889061547,334.06417136904423,0.08764108634900002
dark-2,dg,1734.027,76.95552,59.90032585539109,17.05519414460892,334.06417136904423,0.05105364659345005
dark-2,dg,1735.955,84.63296,59.832523766902085,24.800436233097912,334.06417136904423,0.07423853965380983
dark-2,dg,1737.884,89.94084,59.76468651135473,30.176153488645262,334.06417136904423,0.0903304097682159
dark-2,dg,1739.812,89.1722,59.69688442286572,29.475315577134282,334.06417136904423,0.08823249573978584
dark-2,dg,1741.741,76.86922,59.62904716731837,17.24017283268163,334.06417136904423,0.05160736861432598
dark-2,dg,1743.669,67.63948,59.56124507882936,8.078234921170647,334.06417136904423,0.02418168607565681
dark-2,dg,1745.598,75.49828,59.49340782328201,16.00487217671798,334.06417136904423,0.047909574113044376
dark-2,dg,1747.526,84.1936,59.425605734792995,24.767994265207008,334.06417136904423,0.07414142667172033
dark-2,dg,1749.454,83.28954,59.35780364630399,23.93173635369601,334.06417136904423,0.07163814142540406
dark-2,dg,1751.383,81.90247,59.28996639075664,22.612503609243355,334.06417136904423,0.06768910151775326
dark-2,dg,1753.311,84.83163,59.22216430226763,25.609465697732375,334.06417136904423,0.07666031826394615
dark-2,dg,1755.24,91.04095,59.154327046720276,31.88662295327972,334.06417136904423,0.09545059209014733
dark-2,dg,1757.168,97.68475,59.08652495823127,38.59822504176872,334.06417136904423,0.11554134908747474
dark-2,dg,1759.097,68.1712,59.01868770268392,9.152512297316079,334.06417136904423,0.02739746755782799
dark-2,dg,1761.025,69.81413,58.9508856141949,10.863244385805103,334.06417136904423,0.03251843602768272
dark-2,dg,1762.954,82.50978,58.88304835864756,23.62673164135245,334.06417136904423,0.07072512908081888
dark-2,dg,1764.882,73.4277,58.815246270158546,14.612453729841455,334.06417136904423,0.04374145742704902
dark-2,dg,1766.811,79.39843,58.74740901461119,20.65102098538881,334.06417136904423,0.061817527155809265
dark-2,dg,1768.739,76.13059,58.67960692612218,17.450983073877815,334.06417136904423,0.05223841575814944
dark-2,dg,1770.668,72.49107,58.61176967057484,13.879300329425156,334.06417136904423,0.041546809023385346
dark-2,dg,1772.596,89.53257,58.54396758208583,30.98860241791418,334.06417136904423,0.09276242432978765
dark-2,dg,1774.525,90.8688,58.47613032653847,32.392669673461526,334.06417136904423,0.09696541098888753
dark-2,dg,1776.453,88.73875,58.408328238049464,30.330421761950532,334.06417136904423,0.09079220210192548
dark-2,dg,1778.381,93.91061,58.340526149560446,35.57008385043956,334.06417136904423,0.1064767996659687
dark-2,dg,1780.31,87.05108,58.2726888940131,28.7783911059869,334.06417136904423,0.0861462963479406
dark-2,dg,1782.238,78.1755,58.20488680552409,19.97061319447591,334.06417136904423,0.05978076940317602
dark-2,dg,1784.167,77.54583,58.137049549976744,19.40878045002325,334.06417136904423,0.05809895856380888
dark-2,dg,1786.095,77.20651,58.069247461487734,19.13726253851226,334.06417136904423,0.057286186842740235
dark-2,dg,1788.024,80.32565,58.00141020594038,22.324239794059615,334.06417136904423,0.06682620199158619
dark-2,dg,1789.952,80.06149,57.93360811745137,22.127881882548635,334.06417136904423,0.06623841698397441
dark-2,dg,1791.881,76.54418,57.86577086190401,18.678409138095986,334.06417136904423,0.05591263816634125
dark-2,dg,1793.809,78.83253,57.79796877341501,21.034561226584998,334.06417136904423,0.06296563064629848
dark-2,dg,1795.738,82.59711,57.730131517867655,24.866978482132346,334.06417136904423,0.0744377296739839
dark-2,dg,1797.666,80.08042,57.66232942937865,22.418090570621352,334.06417136904423,0.067107138364311
dark-2,dg,1799.595,86.42316,57.59449217383129,28.828667826168704,334.06417136904423,0.08629679653470342
dark-2,2d,2451.416,127.3694,126.09635511484362,1.2730448851563807,334.06417136904423,0.003810779467726979
dark-2,2d,2453.345,133.4223,126.35346837175551,7.068831628244496,334.06417136904423,0.021160101064640908
dark-2,2d,2455.273,133.701,126.61044834030207,7.090551659697923,334.06417136904423,0.021225118607122086
dark-2,2d,2457.202,132.464,126.86756159721402,5.596438402785978,334.06417136904423,0.016752584929568916
dark-2,2d,2459.13,128.6344,127.12454156576051,1.50985843423949,334.06417136904423,0.004519665871535602
dark-2,2d,2461.059,128.7958,127.38165482267246,1.4141451773275548,334.06417136904423,0.0042331542815028005
dark-2,2d,2462.987,135.721,127.63863479121896,8.082365208781042,334.06417136904423,0.024194049830780467
dark-2,2d,2464.916,130.41,127.89574804813091,2.5142519518690847,334.06417136904423,0.00752625443658118
dark-2,2d,2466.844,133.8752,128.1527280166774,5.722471983322606,334.06417136904423,0.017129858493567483
dark-2,2d,2468.772,130.0971,128.40970798522392,1.6873920147760941,334.06417136904423,0.005051101433179478
dark-2,2d,2470.701,131.1857,128.66682124213585,2.518878757864144,334.06417136904423,0.007540104488132945
dark-2,2d,2472.629,143.893,128.92380121068237,14.96919878931763,334.06417136904423,0.04480935123324254
dark-2,2d,2474.558,129.9385,129.1809144675943,0.7575855324056988,334.06417136904423,0.0022677844478233076
dark-2,2d,2476.486,131.493,129.4378944361408,2.0551055638592004,334.06417136904423,0.006151828720323628
dark-2,2d,2478.415,130.5155,129.69500769305276,0.8204923069472443,334.06417136904423,0.002456091904692281
dark-2,2d,2480.343,126.2342,129.95198766159925,-3.717787661599246,334.06417136904423,-0.011128962577349149
dark-2,2d,2482.272,131.0338,130.2091009185112,0.8246990814888022,334.06417136904423,0.0024686846186140338
dark-2,2d,2484.2,134.4484,130.4660808870577,3.9823191129422923,334.06417136904423,0.0119208207711176
dark-2,2d,2486.129,139.55,130.72319414396966,8.826805856030347,334.06417136904423,0.026422485895020695
dark-2,2d,2488.057,136.7418,130.98017411251615,5.761625887483859,334.06417136904423,0.0172470632330066
dark-2,2d,2489.986,132.9198,131.23728736942812,1.6825126305718925,334.06417136904423,0.005036495304709594
dark-2,2d,2491.914,136.9756,131.49426733797466,5.4813326620253235,334.06417136904423,0.016408023163819136
dark-2,2d,2493.843,136.7069,131.75138059488654,4.955519405113449,334.06417136904423,0.014834034385684043
dark-2,2d,2495.771,136.5746,132.00836056343311,4.566239436566889,334.06417136904423,0.013668749383849715
dark-2,2d,2497.699,139.6561,132.2653405319796,7.390759468020406,334.06417136904423,0.022123771722456748
dark-2,2d,2499.628,141.8876,132.52245378889157,9.365146211108424,334.06417136904423,0.028033973750398535
dark-2,2d,2501.556,131.1848,132.77943375743806,-1.5946337574380607,334.06417136904423,-0.004773435447755491
dark-2,2d,2503.485,140.1277,133.03654701435002,7.091152985649984,334.06417136904423,0.021226918638384336
dark-2,2d,2505.413,147.0883,133.2935269828965,13.794773017103495,334.06417136904423,0.04129378185206298
dark-2,2d,2507.342,140.6528,133.55064023980844,7.102159760191569,334.06417136904423,0.021259866722869055
dark-2,2d,2509.27,133.8182,133.80762020835496,0.010579791645028536,334.06417136904423,3.166993814892208e-05
dark-2,2d,2511.199,136.4722,134.0647334652669,2.4074665347330892,334.06417136904423,0.00720659903415244
dark-2,2d,2513.127,149.1242,134.32171343381341,14.802486566186587,334.06417136904423,0.044310308721596255
dark-2,2d,2515.056,154.1387,134.57882669072535,19.55987330927465,334.06417136904423,0.0585512454960836
dark-2,2d,2516.984,141.4308,134.83580665927184,6.594993340728166,334.06417136904423,0.019741696075041244
dark-2,2d,2518.913,143.474,135.0929199161838,8.381080083816187,334.06417136904423,0.025088233944601974
dark-2,2d,2520.841,152.8831,135.3498998847303,17.53320011526972,334.06417136904423,0.05248452727934302
dark-2,2d,2522.77,152.4191,135.60701314164226,16.81208685835773,334.06417136904423,0.050325920284894125
dark-2,2d,2524.698,149.5428,135.86399311018874,13.678806889811256,334.06417136904423,0.040946644573566476
dark-2,2d,2526.626,153.7294,136.12097307873532,17.60842692126468,334.06417136904423,0.05270971397232679
dark-2,2d,2528.555,143.9434,136.3780863356472,7.5653136643528,334.06417136904423,0.022646288685640933
dark-2,2d,2530.483,137.4716,136.63506630419374,0.8365336958062528,334.06417136904423,0.0025041107891876414
dark-2,2d,2532.412,147.1754,136.89217956110565,10.283220438894347,334.06417136904423,0.030782170972577492
dark-2,2d,2534.34,150.6041,137.1491595296522,13.454940470347793,334.06417136904423,0.04027651458463044
dark-2,2d,2536.269,142.8516,137.4062727865641,5.445327213435888,334.06417136904423,0.016300243127301363
dark-2,2d,2538.197,143.2965,137.66325275511065,5.633247244889361,334.06417136904423,0.01686276987383437
dark-2,2d,2540.126,165.439,137.9203660120226,27.51863398797738,334.06417136904423,0.08237529297201182
dark-2,2d,2542.054,152.891,138.1773459805691,14.71365401943089,334.06417136904423,0.04404439410288199
dark-2,2d,2543.983,149.2763,138.43445923748106,10.841840762518927,334.06417136904423,0.032454365633068236
dark-2,2d,2545.911,154.3447,138.69143920602755,15.653260793972436,334.06417136904423,0.04685704764393938
dark-2,2d,2547.84,148.9288,138.94855246293952,9.980247537060478,334.06417136904423,0.029875240724439117
dark-2,2d,2549.768,151.4555,139.205532431486,12.249967568513995,334.06417136904423,0.036669504300062536
dark-2,2d,2551.697,150.8029,139.46264568839794,11.340254311602052,334.06417136904423,0.033946335116178485
dark-2,2d,2553.625,156.1223,139.71962565694446,16.402674343055537,334.06417136904423,0.04910036977576781
dark-2,2d,2555.553,164.8921,139.97660562549095,24.915494374509052,334.06417136904423,0.07458295893391285
dark-2,2d,2557.482,165.5235,140.2337188824029,25.2897811175971,334.06417136904423,0.07570336266219706
dark-2,2d,2559.41,163.8473,140.4906988509494,23.35660114905059,334.06417136904423,0.06991651051153375
dark-2,2d,2561.339,166.3492,140.74781210786134,25.60138789213866,334.06417136904423,0.07663613786303511
dark-2,2d,2563.267,161.9018,141.00479207640785,20.897007923592156,334.06417136904423,0.0625538735206267
dark-2,2d,2565.196,159.4953,141.2619053333198,18.233394666680198,334.06417136904423,0.054580515449942024
dark-2,2d,2567.124,159.6329,141.5188853018663,18.1140146981337,334.06417136904423,0.05422315905324357
dark-2,2d,2569.053,164.6164,141.77599855877824,22.840401441221758,334.06417136904423,0.06837129928545892
dark-2,2d,2570.981,160.8882,142.03297852732481,18.855221472675197,334.06417136904423,0.056441914723760166
dark-2,2d,2572.91,155.4566,142.2900917842367,13.166508215763315,334.06417136904423,0.03941311084575464
dark-2,2d,2574.838,147.8861,142.54707175278324,5.33902824721676,334.06417136904423,0.015982043884971667
dark-2,2d,2576.767,162.2216,142.80418500969515,19.41741499030485,334.06417136904423,0.058124805514848894
dark-2,2d,2578.695,169.337,143.0611649782417,26.275835021758297,334.06417136904423,0.07865505275251773
dark-2,2d,2580.624,162.0845,143.3182782351536,18.766221764846392,334.06417136904423,0.0561754997189302
dark-2,2d,2582.552,169.0396,143.57525820370014,25.464341796299863,334.06417136904423,0.07622589902994756
dark-2,2d,2584.48,178.4078,143.83223817224663,34.575561827753376,334.06417136904423,0.10349976079762647
dark-2,2d,2586.409,175.0386,144.0893514291586,30.949248570841405,334.06417136904423,0.0926446210738698
dark-2,2d,2588.337,173.9709,144.3463313977051,29.624568602294914,334.06417136904423,0.08867927524489999
dark-2,2d,2590.266,167.2439,144.60344465461705,22.640455345382946,334.06417136904423,0.06777277327466463
dark-2,2d,2592.194,172.274,144.86042462316354,27.413575376836462,334.06417136904423,0.0820608066542772
dark-2,2d,2594.123,175.6994,145.1175378800755,30.581862119924494,334.06417136904423,0.09154487293442908
dark-2,2d,2596.051,170.0239,145.374517848622,24.649382151378006,334.06417136904423,0.07378636879962674
dark-2,2d,2597.98,176.4858,145.63163110553396,30.854168894466056,334.06417136904423,0.09236000606716106
dark-2,2d,2599.908,175.5218,145.88861107408044,29.63318892591957,334.06417136904423,0.08870507963927526
dark-2,2d,2601.837,185.0996,146.14572433099238,38.95387566900763,334.06417136904423,0.11660596677988215
dark-2,2d,2603.765,186.771,146.4027042995389,40.36829570046109,334.06417136904423,0.12083994381985312
dark-2,2d,2605.694,187.4007,146.65981755645083,40.74088244354917,334.06417136904423,0.12195525870549669
dark-2,2d,2607.622,189.4986,146.91679752499735,42.58180247500266,334.06417136904423,0.12746593656091929
dark-2,2d,2609.551,183.2083,147.17391078190929,36.03438921809072,334.06417136904423,0.10786666846197987
dark-2,2d,2611.479,185.6134,147.4308907504558,38.18250924954421,334.06417136904423,0.11429693011694926
dark-2,2d,2613.407,191.8528,147.68787071900235,44.164929280997654,334.06417136904423,0.1322049266762229
dark-2,2d,2615.336,171.2163,147.94498397591423,23.271316024085763,334.06417136904423,0.06966121487592183
dark-2,2d,2617.264,191.2932,148.2019639444608,43.09123605553921,334.06417136904423,0.12899089381224263
dark-2,2d,2619.193,186.6828,148.45907720137274,38.22372279862725,334.06417136904423,0.11442030027338998
dark-2,2d,2621.121,212.0687,148.71605716991925,63.352642830080754,334.06417136904423,0.18964213543299865
dark-2,2d,2623.05,196.5793,148.9731704268312,47.6061295731688,334.06417136904423,0.14250594243037756
dark-2,2d,2624.978,212.8658,149.2301503953777,63.6356496046223,334.06417136904423,0.19048929833999864
dark-2,2d,2626.907,199.5108,149.48726365228964,50.02353634771035,334.06417136904423,0.14974229694464544
dark-2,2d,2628.835,199.5147,149.74424362083613,49.770456379163875,334.06417136904423,0.1489847180414386
dark-2,2d,2630.764,197.304,150.0013568777481,47.30264312225191,334.06417136904423,0.14159747490549107
dark-2,2d,2632.692,214.9546,150.25833684629458,64.69626315370542,334.06417136904423,0.19366417801876384
dark-2,2d,2634.621,228.7513,150.51545010320655,78.23584989679344,334.06417136904423,0.234194075875217
dark-2,2d,2636.549,225.1708,150.77243007175304,74.39836992824698,334.06417136904423,0.2227068219358918
dark-2,2d,2638.478,224.2657,151.029543328665,73.23615667133501,334.06417136904423,0.2192278099480182
dark-2,2d,2640.406,227.1524,151.2865232972115,75.86587670278851,334.06417136904423,0.22709971078873548
dark-2,2d,2642.334,223.1009,151.54350326575798,71.55739673424202,334.06417136904423,0.21420254809424566
dark-2,2d,2644.263,218.7638,151.80061652266994,66.96318347733006,334.06417136904423,0.20045006084581013
dark-2,2d,2646.191,228.5225,152.05759649121643,76.46490350878358,334.06417136904423,0.2288928597024312
dark-2,2d,2648.12,232.6887,152.3147097481284,80.37399025187162,334.06417136904423,0.2405944639991986
dark-2,2d,2650.048,241.1141,152.57168971667488,88.54241028332513,334.06417136904423,0.2650461135070704
dark-2,2d,2651.977,222.5611,152.82880297358685,69.73229702641316,334.06417136904423,0.20873922737850015
dark-2,2d,2653.905,223.7845,153.0857829421334,70.69871705786662,334.06417136904423,0.21163214471079866
dark-2,2d,2655.834,229.3043,153.34289619904527,75.96140380095474,334.06417136904423,0.2273856651243194
dark-2,2d,2657.762,234.719,153.59987616759184,81.11912383240815,334.06417136904423,0.24282497431547365
dark-2,2d,2659.691,239.6795,153.85698942450372,85.82251057549627,334.06417136904423,0.25690426550019707
dark-2,2d,2661.619,231.8888,154.1139693930503,77.7748306069497,334.06417136904423,0.23281404374559828
dark-2,2d,2663.548,230.2551,154.37108264996218,75.88401735003782,334.06417136904423,0.22715401367064875
dark-2,2d,2665.476,231.0714,154.62806261850875,76.44333738149126,334.06417136904423,0.22882830286233688
dark-2,2d,2667.405,246.4763,154.88517587542069,91.59112412457932,334.06417136904423,0.2741722458569124
dark-2,2d,2669.333,236.2923,155.14215584396717,81.15014415603284,334.06417136904423,0.24291783169523262
dark-2,2d,2671.261,232.0379,155.3991358125137,76.63876418748632,334.06417136904423,0.2294133006643884
dark-2,2d,2673.19,228.9853,155.65624906942563,73.32905093057437,334.06417136904423,0.21950588304654495
dark-2,2d,2675.118,236.6595,155.91322903797214,80.74627096202786,334.06417136904423,0.24170886279458745
dark-2,2d,2677.047,247.514,156.17034229488408,91.34365770511593,334.06417136904423,0.27343147075837604
dark-2,2d,2678.975,242.0753,156.42732226343057,85.64797773656943,334.06417136904423,0.2563818124690576
dark-2,2d,2680.904,233.2229,156.68443552034253,76.53846447965748,334.06417136904423,0.22911305982318178
dark-2,2d,2682.832,230.8587,156.94141548888902,73.91728451111098,334.06417136904423,0.22126672312145013
dark-2,2d,2684.761,227.0652,157.19852874580099,69.86667125419902,334.06417136904423,0.20914146814330642
dark-2,2d,2686.689,226.3076,157.45550871434747,68.85209128565253,334.06417136904423,0.20610438708074114
dark-2,2d,2688.618,227.9547,157.71262197125944,70.24207802874056,334.06417136904423,0.21026522461501385
dark-2,2d,2690.546,215.2803,157.96960193980593,57.310698060194085,334.06417136904423,0.17155595532836218
dark-2,2d,2692.475,214.8585,158.2267151967179,56.6317848032821,334.06417136904423,0.1695236713688771
dark-2,2d,2694.403,221.0939,158.48369516526438,62.61020483473561,334.06417136904423,0.18741969418076102
dark-2,2d,2696.332,205.0288,158.74080842217634,46.28799157782365,334.06417136904423,0.13856017958504388
dark-2,2d,2698.26,205.4759,158.9977883907229,46.47811160927711,334.06417136904423,0.1391292918926413
dark-2,2d,2700.188,204.062,159.25476835926938,44.807231640730635,334.06417136904423,0.13412761822707295
dark-2,2d,2702.117,205.1757,159.51188161618134,45.663818383818665,334.06417136904423,0.13669175654689816
dark-2,2d,2704.045,200.9468,159.76886158472783,41.177938415272166,334.06417136904423,0.12326355815566484
dark-2,2d,2705.974,198.2569,160.0259748416398,38.23092515836021,334.06417136904423,0.11444186008240345
dark-2,2d,2707.902,199.4746,160.28295481018628,39.19164518981373,334.06417136904423,0.11731771482467152
dark-2,2d,2709.831,201.9611,160.54006806709825,41.42103193290174,334.06417136904423,0.12399124324872147
dark-2,2d,2711.759,207.2934,160.79704803564474,46.496351964355256,334.06417136904423,0.13918389324364344
dark-2,2d,2713.688,215.5712,161.05416129255667,54.517038707443334,334.06417136904423,0.16319331248252236
dark-2,2d,2715.616,211.3131,161.3111412611032,50.0019587388968,334.06417136904423,0.14967770573534242
dark-2,2d,2717.545,191.5121,161.56825451801512,29.94384548198488,334.06417136904423,0.08963501042111337
dark-2,2d,2719.473,188.2222,161.82523448656164,26.396965513438346,334.06417136904423,0.07901764922966653
dark-2,2d,2721.402,202.2925,162.08234774347358,40.21015225652641,334.06417136904423,0.12036655140759119
dark-2,2d,2723.33,200.5738,162.33932771202007,38.23447228797994,334.06417136904423,0.11445247819090995
dark-2,2d,2725.259,192.8872,162.59644096893203,30.290759031067978,334.06417136904423,0.09067347422182984
dark-2,2d,2727.187,184.9648,162.85342093747852,22.11137906252148,334.06417136904423,0.06618901683441773
dark-2,2d,2729.115,185.653,163.11040090602503,22.542599093974957,334.06417136904423,0.06747984676594339
dark-2,2d,2731.044,191.0528,163.36751416293697,27.68528583706302,334.06417136904423,0.08287415475776597
dark-2,2d,2732.972,191.0769,163.62449413148354,27.45240586851645,334.06417136904423,0.08217704327887795
dark-2,2d,2734.901,182.1952,163.88160738839542,18.313592611604577,334.06417136904423,0.054820582933371075
dark-2,2d,2736.829,193.9252,164.13858735694197,29.78661264305802,334.06417136904423,0.08916434384743534
dark-2,2d,2738.758,199.5011,164.39570061385388,35.10539938614613,334.06417136904423,0.10508579606809981
dark-2,2d,2740.686,185.2115,164.65268058240042,20.55881941759958,334.06417136904423,0.06154152758539327
dark-2,2d,2742.615,190.4443,164.90979383931233,25.53450616068767,334.06417136904423,0.07643593162368625
dark-2,2d,2744.543,194.2117,165.16677380785887,29.044926192141133,334.06417136904423,0.08694415229598176
dark-2,2d,2746.472,185.4761,165.42388706477084,20.052212935229164,334.06417136904423,0.06002503307389188
dark-2,2d,2748.4,193.5595,165.68086703331733,27.878632966682687,334.06417136904423,0.08345292717992456
dark-2,2d,2750.329,180.5595,165.9379802902293,14.621519709770723,334.06417136904423,0.04376859586542783
dark-2,2d,2752.257,179.5495,166.19496025877578,13.354539741224215,334.06417136904423,0.03997597134255776
dark-2,2d,2754.186,187.3992,166.45207351568774,20.947126484312264,334.06417136904423,0.06270390026702909
dark-2,2d,2756.114,185.8489,166.70905348423423,19.139846515765754,334.06417136904423,0.0572939218154639
dark-2,2d,2758.042,180.38,166.96603345278072,13.413966547219275,334.06417136904423,0.040153861733351594
dark-2,2d,2759.971,175.1064,167.22314670969268,7.883253290307323,334.06417136904423,0.02359802087724819
dark-2,2d,2761.899,171.5031,167.48012667823917,4.022973321760816,334.06417136904423,0.012042516577800241
dark-2,2d,2763.828,183.5864,167.73723993515114,15.84916006484886,334.06417136904423,0.04744345973977594
dark-2,2d,2765.756,176.6257,167.99421990369763,8.631480096302369,334.06417136904423,0.025837790568588336
dark-2,2d,2767.685,178.596,168.25133316060956,10.344666839390442,334.06417136904423,0.030966106891967708
dark-2,2d,2769.613,170.8688,168.50831312915608,2.360486870843914,334.06417136904423,0.007065968377184212
dark-2,2d,2771.542,188.0731,168.76542638606801,19.307673613931996,334.06417136904423,0.05779630163512089
dark-2,2d,2773.47,185.1616,169.02240635461453,16.13919364538546,334.06417136904423,0.04831165694676166
dark-2,2d,2775.399,187.4028,169.27951961152647,18.123280388473546,334.06417136904423,0.05425089531212423
dark-2,2d,2777.327,191.1043,169.53649958007304,21.567800419926954,334.06417136904423,0.06456184849617044
dark-2,2d,2779.256,193.2808,169.79361283698492,23.48718716301508,334.06417136904423,0.07030741149750099
dark-2,2d,2781.184,195.7324,170.05059280553147,25.681807194468547,334.06417136904423,0.07687686796587828
dark-2,2d,2783.113,193.5078,170.30770606244337,23.20009393755663,334.06417136904423,0.06944801605775089
dark-2,2d,2785.041,183.4637,170.56468603098992,12.89901396901007,334.06417136904423,0.038612383711033746
dark-2,2d,2786.969,180.9185,170.82166599953644,10.09683400046356,334.06417136904423,0.030224234939907637
dark-2,2d,2788.898,178.1416,171.07877925644837,7.06282074355164,334.06417136904423,0.021142107860915343
dark-2,2d,2790.826,176.7158,171.33575922499486,5.380040775005142,334.06417136904423,0.016104812296861833
dark-2,2d,2792.755,196.7339,171.59287248190682,25.141027518093182,334.06417136904423,0.07525807815624629
dark-2,2d,2794.683,176.6856,171.8498524504533,4.8357475495466815,334.06417136904423,0.01447550489993906
dark-2,2d,2796.612,187.0211,172.10696570736528,14.914134292634714,334.06417136904423,0.04464451913988379
dark-2,2d,2798.54,189.4136,172.36394567591176,17.049654324088237,334.06417136904423,0.051037063490575
dark-2,2d,2800.469,178.0982,172.62105893282373,5.477141067176262,334.06417136904423,0.016395475889348237
dark-2,2d,2802.397,172.8608,172.87803890137022,-0.017238901370205895,334.06417136904423,-5.160356257170093e-05
dark-2,2d,2804.326,180.0649,173.13515215828218,6.929747841717813,334.06417136904423,0.020743762533164463
dark-2,2d,2806.254,192.6978,173.39213212682867,19.30566787317133,334.06417136904423,0.057790297576821414
dark-2,2d,2808.183,186.5612,173.6492453837406,12.911954616259408,334.06417136904423,0.03865112072134019
dark-2,2d,2810.111,170.6416,173.90622535228712,-3.264625352287112,334.06417136904423,-0.00977244982276368
dark-2,2d,2812.04,165.6766,174.16333860919906,-8.486738609199051,334.06417136904423,-0.02540451606773377
dark-2,2d,2813.968,173.2486,174.42031857774558,-1.1717185777455654,334.06417136904423,-0.0035074655655040463
dark-2,2d,2815.896,187.7728,174.67729854629212,13.095501453707868,334.06417136904423,0.039200556587797405
dark-2,2d,2817.825,189.6561,174.934411803204,14.72168819679601,334.06417136904423,0.04406844390544595
dark-2,2d,2819.753,183.7602,175.19139177175057,8.568808228249424,334.06417136904423,0.025650186289458053
dark-2,2d,2821.682,157.0262,175.44850502866245,-18.422305028662464,334.06417136904423,-0.05514600668837111
dark-2,2d,2823.61,158.969,175.70548499720903,-16.736484997209033,334.06417136904423,-0.050099610887993314
dark-2,2d,2825.539,176.4777,175.96259825412096,0.5151017458790363,334.06417136904423,0.0015419245463171745
dark-2,2d,2827.467,179.9051,176.21957822266748,3.685521777332525,334.06417136904423,0.011032376690468521
dark-2,2d,2829.396,191.1176,176.47669147957942,14.640908520420595,334.06417136904423,0.04382663504565603
dark-2,2d,2831.324,196.0751,176.7336714481259,19.34142855187409,334.06417136904423,0.05789734491014125
dark-2,2d,2833.253,181.4691,176.99078470503787,4.47831529496213,334.06417136904423,0.013405554018586709
dark-2,2d,2835.181,182.8806,177.24776467358436,5.632835326415631,334.06417136904423,0.016861536821896946
dark-2,2d,2837.11,181.588,177.50487793049632,4.083122069503673,334.06417136904423,0.012222568055623675
dark-2,2d,2839.038,200.8674,177.7618578990428,23.105542100957194,334.06417136904423,0.06916498110607694
dark-2,2d,2840.967,197.8856,178.01897115595477,19.866628844045238,334.06417136904423,0.059469498817035255
dark-2,2d,2842.895,187.6269,178.27595112450126,9.350948875498744,334.06417136904423,0.027991474922848435
dark-2,2d,2844.823,186.0624,178.53293109304775,7.529468906952246,334.06417136904423,0.022538989668049025
dark-2,2d,2846.752,186.5751,178.79004434995971,7.785055650040277,334.06417136904423,0.02330407244253693
dark-2,2d,2848.68,179.9168,179.0470243185062,0.8697756814937918,334.06417136904423,0.002603618574028226
dark-3,dg,1101.49,93.34438,80.69314812971803,12.651231870281975,301.86262849963015,0.041910560221261293
dark-3,dg,1103.418,92.4485,80.69210132667544,11.756398673324554,301.86262849963015,0.038946187978810894
dark-3,dg,1105.347,85.35115,80.69105398068524,4.660096019314764,301.86262849963015,0.015437803753572212
dark-3,dg,1107.275,80.00417,80.69000717764267,-0.6858371776426679,301.86262849963015,-0.002272017510254696
dark-3,dg,1109.203,80.724,80.6889603746001,0.035039625399903684,301.86262849963015,0.00011607805038359234
dark-3,dg,1111.132,85.50266,80.6879130286099,4.814746971390107,301.86262849963015,0.01595012604018323
dark-3,dg,1113.06,83.38947,80.68686622556733,2.7026037744326743,301.86262849963015,0.008953091635972374
dark-3,dg,1114.989,82.86355,80.68581887957711,2.177731120422891,301.86262849963015,0.0072143117922447925
dark-3,dg,1116.917,95.79253,80.68477207653454,15.107757923465456,301.86262849963015,0.050048454154648585
dark-3,dg,1118.846,101.2144,80.68372473054434,20.530675269455656,301.86262849963015,0.06801330582556964
dark-3,dg,1120.774,85.41817,80.68267792750177,4.735492072498232,301.86262849963015,0.015687573172059734
dark-3,dg,1122.703,88.59673,80.68163058151156,7.915099418488438,301.86262849963015,0.026220865622980344
dark-3,dg,1124.631,87.63918,80.68058377846899,6.95859622153101,301.86262849963015,0.023052195152867477
dark-3,dg,1126.56,82.14085,80.67953643247878,1.4613135675212163,301.86262849963015,0.004840988680130726
dark-3,dg,1128.488,75.99532,80.67848962943621,-4.6831696294362075,301.86262849963015,-0.015514241205389707
dark-3,dg,1130.417,82.99844,80.677442283446,2.320997716554004,301.86262849963015,0.0076889203810694565
dark-3,dg,1132.345,90.3103,80.67639548040343,9.63390451959657,301.86262849963015,0.03191486328559672
dark-3,dg,1134.274,95.71843,80.67534813441323,15.043081865586771,301.86262849963015,0.049834197563164734
dark-3,dg,1136.202,103.047,80.67430133137066,22.37269866862934,301.86262849963015,0.07411549677358206
dark-3,dg,1138.13,104.9369,80.67325452832809,24.263645471671907,301.86262849963015,0.08037975946963449
dark-3,dg,1140.059,92.83038,80.67220718233789,12.15817281766212,301.86262849963015,0.04027717136795891
dark-3,dg,1141.987,82.53437,80.6711603792953,1.8632096207046942,301.86262849963015,0.006172375924656659
dark-3,dg,1143.916,85.41204,80.6701130333051,4.741926966694905,301.86262849963015,0.01570889046538835
dark-3,dg,1145.844,91.11608,80.66906623026253,10.447013769737467,301.86262849963015,0.034608503283970665
dark-3,dg,1147.773,90.50443,80.66801888427233,9.836411115727671,301.86262849963015,0.032585720082735324
dark-3,dg,1149.701,90.92088,80.66697208122976,10.253907918770238,301.86262849963015,0.03396878894792636
dark-3,dg,1151.63,91.5509,80.66592473523954,10.884975264760456,301.86262849963015,0.03605936686784596
dark-3,dg,1153.558,89.70521,80.66487793219697,9.040332067803021,301.86262849963015,0.029948497144998847
dark-3,dg,1155.487,93.006,80.66383058620677,12.34216941379323,301.86262849963015,0.04088670888191233
dark-3,dg,1157.415,80.53146,80.6627837831642,-0.13132378316420557,301.86262849963015,-0.00043504485406800354
dark-3,dg,1159.344,83.80762,80.66173643717399,3.1458835628260147,301.86262849963015,0.010421573476856773
dark-3,dg,1161.272,98.96377,80.66068963413142,18.30308036586858,301.86262849963015,0.060633807029514444
dark-3,dg,1163.201,109.3406,80.65964228814121,28.68095771185878,301.86262849963015,0.09501327757733323
dark-3,dg,1165.129,106.968,80.65859548509864,26.30940451490136,301.86262849963015,0.08715687876193523
dark-3,dg,1167.057,102.863,80.65754868205607,22.205451317943925,301.86262849963015,0.07356144557646403
dark-3,dg,1168.986,105.1258,80.65650133606586,24.46929866393414,301.86262849963015,0.08106104020082142
dark-3,dg,1170.914,108.5692,80.65545453302329,27.913745466976707,301.86262849963015,0.09247168357911158
dark-3,dg,1172.843,108.1122,80.65440718703309,27.457792812966915,301.86262849963015,0.09096121951048523
dark-3,dg,1174.771,106.2049,80.65336038399052,25.551539616009478,301.86262849963015,0.08464625032588552
dark-3,dg,1176.7,95.08875,80.65231303800032,14.43643696199969,301.86262849963015,0.04782452545965748
dark-3,dg,1178.628,94.63788,80.65126623495775,13.98661376504225,301.86262849963015,0.04633436684282827
dark-3,dg,1180.557,90.12017,80.65021888896753,9.469951111032472,301.86262849963015,0.03137172414519035
dark-3,dg,1182.485,99.89838,80.64917208592496,19.249207914075043,301.86262849963015,0.06376810541189144
dark-3,dg,1184.414,100.0779,80.64812473993476,19.42977526006524,301.86262849963015,0.0643662826254395
dark-3,dg,1186.342,96.82702,80.64707793689219,16.179942063107816,301.86262849963015,0.05360034842182407
dark-3,dg,1188.271,114.1044,80.64603059090197,33.458369409098026,301.86262849963015,0.11083972062192197
dark-3,dg,1190.199,96.08857,80.6449837878594,15.443586212140602,301.86262849963015,0.0511609744104495
dark-3,dg,1192.128,111.0822,80.6439364418692,30.4382635581308,301.86262849963015,0.10083481916731568
dark-3,dg,1194.056,108.3471,80.64288963882663,27.704210361173367,301.86262849963015,0.0917775429799761
dark-3,dg,1195.984,105.2586,80.64184283578406,24.61675716421594,301.86262849963015,0.0815495355836872
dark-3,dg,1197.913,102.7649,80.64079548979385,22.124104510206152,301.86262849963015,0.07329196270558963
dark-3,dg,1199.841,101.5211,80.63974868675128,20.88135131324873,301.86262849963015,0.06917501320728847
dark-3,dg,1201.77,106.9986,80.63870134076107,26.359898659238922,301.86262849963015,0.08732415400428152
dark-3,dg,1203.698,116.5158,80.6376545377185,35.878145462281495,301.86262849963015,0.11885587043553307
dark-3,dg,1205.627,117.503,80.6366071917283,36.8663928082717,301.86262849963015,0.1221297018167218
dark-3,dg,1207.555,107.7705,80.63556038868572,27.13493961131428,301.86262849963015,0.08989168267097206
dark-3,dg,1209.484,110.9809,80.63451304269552,30.34638695730449,301.86262849963015,0.1005304535647137
dark-3,dg,1211.412,124.0699,80.63346623965295,43.43643376034706,301.86262849963015,0.14389470460865703
dark-3,dg,1213.341,105.8635,80.63241889366275,25.231081106337257,301.86262849963015,0.08358464653854351
dark-3,dg,1215.269,102.7819,80.63137209062018,22.150527909379818,301.86262849963015,0.07337949722188601
dark-3,dg,1217.198,119.5738,80.63032474462996,38.943475255370046,301.86262849963015,0.12901058819017658
dark-3,dg,1219.126,117.4569,80.62927794158739,36.827622058412615,301.86262849963015,0.12200126342720738
dark-3,dg,1221.055,106.2208,80.62823059559719,25.59256940440281,301.86262849963015,0.08478217237956027
dark-3,dg,1222.983,121.2357,80.62718379255462,40.608516207445376,301.86262849963015,0.13452647785280625
dark-3,dg,1224.911,130.306,80.62613698951205,49.67986301048796,301.86262849963015,0.16457771953227668
dark-3,dg,1226.84,122.9905,80.62508964352183,42.365410356478165,301.86262849963015,0.1403466555865165
dark-3,dg,1228.768,114.433,80.62404284047926,33.808957159520745,301.86262849963015,0.11200113550843929
dark-3,dg,1230.697,115.8634,80.62299549448906,35.24040450551094,301.86262849963015,0.11674318441030243
dark-3,dg,1232.625,124.853,80.62194869144649,44.2310513085535,301.86262849963015,0.1465270859410399
dark-3,dg,1234.554,130.1705,80.62090134545628,49.54959865454373,301.86262849963015,0.16414618431179678
dark-3,dg,1236.482,130.6323,80.6198545424137,50.01244545758628,301.86262849963015,0.16567948707717411
dark-3,dg,1238.411,132.8976,80.6188071964235,52.27879280357651,301.86262849963015,0.17318736361444145
dark-3,dg,1240.339,134.4004,80.61776039338093,53.78263960661906,301.86262849963015,0.17816925491551847
dark-3,dg,1242.268,128.746,80.61671304739073,48.12928695260928,301.86262849963015,0.15944102518363995
dark-3,dg,1244.196,137.9662,80.61566624434815,57.35053375565184,301.86262849963015,0.1899888503611904
dark-3,dg,1246.125,128.8062,80.61461889835795,48.19158110164204,301.86262849963015,0.15964739107047526
dark-3,dg,1248.053,121.9885,80.61357209531538,41.374927904684625,301.86262849963015,0.13706541982468465
dark-3,dg,1249.982,143.2489,80.61252474932517,62.63637525067482,301.86262849963015,0.20749960192820477
dark-3,dg,1251.91,135.4921,80.6114779462826,54.88062205371739,301.86262849963015,0.18180661291692365
dark-3,dg,1253.839,131.9812,80.61043060029239,51.37076939970761,301.86262849963015,0.1701792953140291
dark-3,dg,1255.767,138.7556,80.60938379724982,58.14621620275017,301.86262849963015,0.19262475945352542
dark-3,dg,1257.695,142.7145,80.60833699420725,62.10616300579274,301.86262849963015,0.20574313327384555
dark-3,dg,1259.624,152.3353,80.60728964821705,71.72801035178294,301.86262849963015,0.23761805397474312
dark-3,dg,1261.552,167.5554,80.60624284517448,86.94915715482551,301.86262849963015,0.2880421388596371
dark-3,dg,1263.481,169.6786,80.60519549918426,89.07340450081573,301.86262849963015,0.29507927146710333
dark-3,dg,1265.409,165.9238,80.60414869614169,85.31965130385831,301.86262849963015,0.2826439686420568
dark-3,dg,1267.338,161.4288,80.60310135015149,80.8256986498485,301.86262849963015,0.26775655884129274
dark-3,dg,1269.266,156.0109,80.60205454710892,75.40884545289107,301.86262849963015,0.2498117962720366
dark-3,dg,1271.195,163.6861,80.6010072011187,83.0850927988813,301.86262849963015,0.27524140106990125
dark-3,dg,1273.123,165.2287,80.59996039807613,84.62873960192387,301.86262849963015,0.2803551404245046
dark-3,dg,1275.052,173.3374,80.59891305208593,92.73848694791407,301.86262849963015,0.30722082892095304
dark-3,dg,1276.98,191.846,80.59786624904336,111.24813375095664,301.86262849963015,0.3685389420475842
dark-3,dg,1278.909,185.0188,80.59681890305316,104.42198109694684,301.86262849963015,0.34592550133139377
dark-3,dg,1280.837,177.5069,80.59577210001059,96.91112789998941,301.86262849963015,0.32104380850877057
dark-3,dg,1282.766,196.3442,80.59472475402038,115.74947524597962,301.86262849963015,0.3834508293434589
dark-3,dg,1284.694,203.7175,80.5936779509778,123.1238220490222,301.86262849963015,0.40788030853966095
dark-3,dg,1286.622,200.4369,80.59263114793524,119.84426885206477,301.86262849963015,0.39701591895537214
dark-3,dg,1288.551,206.4793,80.59158380194503,125.88771619805496,301.86262849963015,0.41703644079349556
dark-3,dg,1290.479,211.1497,80.59053699890246,130.55916300109755,301.86262849963015,0.4325118470279852
dark-3,dg,1292.408,216.0267,80.58948965291225,135.43721034708776,301.86262849963015,0.4486716723440103
dark-3,dg,1294.336,227.6342,80.58844284986968,147.04575715013033,301.86262849963015,0.4871280617975222
dark-3,dg,1296.265,240.7856,80.58739550387948,160.19820449612052,301.86262849963015,0.5306990311863558
dark-3,dg,1298.193,247.3929,80.58634870083691,166.8065512991631,301.86262849963015,0.5525909322669516
dark-3,dg,1300.122,258.161,80.58530135484669,177.5756986451533,301.86262849963015,0.5882665884404795
dark-3,dg,1302.05,276.0089,80.58425455180412,195.42464544819586,301.86262849963015,0.6473959576232714
dark-3,dg,1303.979,266.8893,80.58320720581392,186.30609279418607,301.86262849963015,0.6171883340451809
dark-3,dg,1305.907,269.7536,80.58216040277135,189.17143959722864,301.86262849963015,0.6266805551170122
dark-3,dg,1307.836,297.8611,80.58111305678115,217.2799869432189,301.86262849963015,0.719797571574797
dark-3,dg,1309.764,305.6774,80.58006625373856,225.09733374626143,301.86262849963015,0.7456946057386405
dark-3,dg,1311.693,315.7491,80.57901890774836,235.17008109225162,301.86262849963015,0.7790632522519751
dark-3,dg,1313.621,331.8393,80.5779721047058,251.2613278952942,301.86262849963015,0.8323697741060452
dark-3,dg,1315.549,334.2429,80.57692530166322,253.6659746983368,301.86262849963015,0.8403358042668326
dark-3,dg,1317.478,339.6049,80.57587795567302,259.02902204432695,301.86262849963015,0.8581023206873862
dark-3,dg,1319.406,349.6313,80.57483115263045,269.05646884736956,301.86262849963015,0.8913208971401347
dark-3,dg,1321.335,363.2584,80.57378380664024,282.6846161933598,301.86262849963015,0.936467748917472
dark-3,dg,1323.263,379.6555,80.57273700359767,299.0827629964024,301.86262849963015,0.9907909584003667
dark-3,dg,1325.192,387.8147,80.57168965760746,307.24301034239255,301.86262849963015,1.0178239415375958
dark-3,dg,1327.12,400.9902,80.5706428545649,320.41955714543514,301.86262849963015,1.061474746768223
dark-3,dg,1329.049,418.3858,80.56959550857468,337.8162044914253,301.86262849963015,1.1191057540660063
dark-3,dg,1330.977,420.7805,80.56854870553211,340.2119512944679,301.86262849963015,1.1270423006168342
dark-3,dg,1332.906,410.8119,80.56750135954191,330.2443986404581,301.86262849963015,1.0940221394145275
dark-3,dg,1334.834,409.2985,80.56645455649934,328.7320454435006,301.86262849963015,1.089012068428018
dark-3,dg,1336.763,413.8262,80.56540721050912,333.26079278949084,301.86262849963015,1.1040147448722661
dark-3,dg,1338.691,400.7891,80.56436040746655,320.22473959253347,301.86262849963015,1.0608293619656393
dark-3,dg,1340.62,415.8365,80.56331306147635,335.2731869385236,301.86262849963015,1.1106813341053725
dark-3,dg,1342.548,401.6825,80.56226625843378,321.1202337415662,301.86262849963015,1.0637959237871
dark-3,dg,1344.476,385.6663,80.56121945539121,305.10508054460877,301.86262849963015,1.01074148218047
dark-3,dg,1346.405,369.7857,80.56017210940101,289.225527890599,301.86262849963015,0.9581362533287334
dark-3,dg,1348.333,361.273,80.55912530635842,280.7138746936416,301.86262849963015,0.9299391451300026
dark-3,dg,1350.262,358.3406,80.55807796036822,277.7825220396318,301.86262849963015,0.9202282621744683
dark-3,dg,1352.19,344.9522,80.55703115732565,264.39516884267437,301.86262849963015,0.8758791048657364
dark-3,dg,1354.119,325.6121,80.55598381133545,245.05611618866453,301.86262849963015,0.8118133649292224
dark-3,dg,1356.047,317.6658,80.55493700829288,237.1108629917071,301.86262849963015,0.7854926069193677
dark-3,dg,1357.976,316.4003,80.55388966230267,235.84641033769736,301.86262849963015,0.7813037722156664
dark-3,dg,1359.904,321.2169,80.5528428592601,240.6640571407399,301.86262849963015,0.7972635047171293
dark-3,dg,1361.833,309.3202,80.5517955132699,228.7684044867301,301.86262849963015,0.7578560010021592
dark-3,dg,1363.761,269.4591,80.55074871022732,188.90835128977267,301.86262849963015,0.6258090053370224
dark-3,dg,1365.69,264.3358,80.54970136423711,183.7860986357629,301.86262849963015,0.608840185183732
dark-3,dg,1367.618,259.4809,80.54865456119454,178.93224543880547,301.86262849963015,0.5927605094017947
dark-3,dg,1369.547,260.0303,80.54760721520434,179.4826927847957,301.86262849963015,0.5945840121941944
dark-3,dg,1371.475,258.4534,80.54656041216177,177.90683958783822,301.86262849963015,0.5893635806197726
dark-3,dg,1373.403,239.7456,80.5455136091192,159.2000863908808,301.86262849963015,0.5273925002977832
dark-3,dg,1375.332,219.0236,80.54446626312898,138.479133736871,301.86262849963015,0.45874885018117
dark-3,dg,1377.26,221.5269,80.54341946008641,140.98348053991361,301.86262849963015,0.46704516302880583
dark-3,dg,1379.189,228.9888,80.54237211409621,148.4464278859038,301.86262849963015,0.4917681550171941
dark-3,dg,1381.117,226.9368,80.54132531105364,146.39547468894636,301.86262849963015,0.484973828713367
dark-3,dg,1383.046,217.4357,80.54027796506344,136.89542203493656,301.86262849963015,0.4535023852252194
dark-3,dg,1384.974,210.5342,80.53923116202087,129.99496883797912,301.86262849963015,0.43064280425868745
dark-3,dg,1386.903,209.9302,80.53818381603065,129.39201618396936,301.86262849963015,0.4286453637109567
dark-3,dg,1388.831,201.3734,80.53713701298808,120.83626298701192,301.86262849963015,0.4003021625684942
dark-3,dg,1390.76,185.2204,80.53608966699788,104.68431033300213,301.86262849963015,0.3467945364860904
dark-3,dg,1392.688,178.1616,80.53504286395531,97.62655713604468,301.86262849963015,0.3234138575592649
dark-3,dg,1394.617,184.4953,80.5339955179651,103.96130448203489,301.86262849963015,0.3443993878896548
dark-3,dg,1396.545,186.7397,80.53294871492253,106.20675128507747,301.86262849963015,0.351838025836337
dark-3,dg,1398.474,171.5865,80.53190136893232,91.05459863106768,301.86262849963015,0.301642502364877
dark-3,dg,1400.402,161.2525,80.53085456588975,80.72164543411024,301.86262849963015,0.26741185497299524
dark-3,dg,1402.33,190.079,80.52980776284718,109.54919223715282,301.86262849963015,0.3629107477850212
dark-3,dg,1404.259,159.7354,80.52876041685697,79.20663958314303,301.86262849963015,0.2623929963666903
dark-3,dg,1406.187,155.7073,80.5277136138144,75.1795863861856,301.86262849963015,0.24905231482232892
dark-3,dg,1408.116,164.733,80.5266662678242,84.2063337321758,301.86262849963015,0.27895580897414396
dark-3,dg,1410.044,166.7122,80.52561946478163,86.18658053521837,301.86262849963015,0.2855159015993395
dark-3,dg,1411.973,162.4401,80.52457211879141,81.91552788120859,301.86262849963015,0.2713669071536259
dark-3,dg,1413.901,160.9052,80.52352531574884,80.38167468425117,301.86262849963015,0.2662856117160911
dark-3,dg,1415.83,154.4462,80.52247796975864,73.92372203024136,301.86262849963015,0.24489193113327687
dark-3,dg,1417.758,144.4421,80.52143116671607,63.92066883328394,301.86262849963015,0.21175416496899105
dark-3,dg,1419.687,147.4705,80.52038382072587,66.95011617927412,301.86262849963015,0.22179001260288883
dark-3,dg,1421.615,157.8176,80.5193370176833,77.2982629823167,301.86262849963015,0.25607099284372464
dark-3,dg,1423.544,151.9631,80.51828967169308,71.44481032830691,301.86262849963015,0.23667987880253435
dark-3,dg,1425.472,137.7754,80.51724286865051,57.25815713134948,301.86262849963015,0.18968282829823577
dark-3,dg,1427.401,141.1646,80.51619552266031,60.648404477339696,301.86262849963015,0.20091392160329646
dark-3,dg,1429.329,147.0433,80.51514871961774,66.52815128038225,301.86262849963015,0.2203921419854189
dark-3,dg,1431.257,143.4587,80.51410191657517,62.94459808342482,301.86262849963015,0.2085206717912812
dark-3,dg,1433.186,157.3713,80.51305457058496,76.85824542941504,301.86262849963015,0.25461331802293374
dark-3,dg,1435.114,162.6978,80.51200776754239,82.18579223245762,301.86262849963015,0.27226222948150836
dark-3,dg,1437.043,155.6018,80.51096042155218,75.09083957844781,301.86262849963015,0.24875831748924102
dark-3,dg,1438.971,147.5564,80.50991361850961,67.04648638149038,301.86262849963015,0.22210926445163626
dark-3,dg,1440.9,145.8549,80.5088662725194,65.34603372748059,301.86262849963015,0.21647606413644097
dark-3,dg,1442.828,145.3849,80.50781946947683,64.87708053052316,301.86262849963015,0.2149225323220249
dark-3,dg,1444.757,126.1482,80.50677212348663,45.641427876513376,301.86262849963015,0.1511993323034663
dark-3,dg,1446.685,133.2453,80.50572532044406,52.73957467955593,301.86262849963015,0.1747138257613779
dark-3,dg,1448.614,152.8221,80.50467797445386,72.31742202554615,301.86262849963015,0.23957063643482704
dark-3,dg,1450.542,147.0895,80.50363117141127,66.58586882858872,301.86262849963015,0.22058334666846743
dark-3,dg,1452.471,139.9741,80.50258382542107,59.47151617457892,301.86262849963015,0.19701516703201896
dark-3,dg,1454.399,144.6665,80.5015370223785,64.16496297762151,301.86262849963015,0.21256345410011604
dark-3,dg,1456.328,139.6894,80.5004896763883,59.18891032361171,301.86262849963015,0.1960789602137988
dark-3,dg,1458.256,143.4435,80.49944287334573,62.94405712665427,301.86262849963015,0.2085188797285365
dark-3,dg,1460.184,146.1279,80.49839607030316,65.62950392969685,301.86262849963015,0.21741513434736842
dark-3,dg,1462.113,146.8274,80.49734872431294,66.33005127568707,301.86262849963015,0.2197358831908811
dark-3,dg,1464.041,146.0904,80.49630192127037,65.59409807872962,301.86262849963015,0.2172978430776832
dark-3,dg,1465.97,134.908,80.49525457528017,54.412745424719816,301.86262849963015,0.18025664751934167
dark-3,dg,1467.898,157.1669,80.4942077722376,76.6726922277624,301.86262849963015,0.25399862384043453
dark-3,dg,1469.827,150.4639,80.49316042624739,69.97073957375261,301.86262849963015,0.23179662855761007
dark-3,dg,1471.755,148.5616,80.49211362320482,68.06948637679518,301.86262849963015,0.22549822319883028
dark-3,dg,1473.684,121.6274,80.49106627721461,41.13633372278538,301.86262849963015,0.13627501333056133
dark-3,dg,1475.612,137.8446,80.49001947417204,57.35458052582797,301.86262849963015,0.1900022563604565
dark-3,dg,1477.541,149.3712,80.48897212818183,68.88222787181816,301.86262849963015,0.2281906449108607
dark-3,dg,1479.469,143.7814,80.48792532513926,63.29347467486073,301.86262849963015,0.209676418009917
dark-3,dg,1481.398,144.9597,80.48687797914906,64.47282202085094,301.86262849963015,0.21358331881394166
dark-3,dg,1483.326,153.3517,80.48583117610649,72.8658688238935,301.86262849963015,0.24138751188268667
dark-3,dg,1485.255,153.8533,80.48478383011629,73.3685161698837,301.86262849963015,0.24305266450024832
dark-3,dg,1487.183,149.7196,80.48373702707372,69.2358629729263,301.86262849963015,0.2293621549545711
dark-3,dg,1489.111,149.8033,80.48269022403113,69.32060977596888,301.86262849963015,0.22964290121144892
dark-3,dg,1491.04,146.5184,80.48164287804093,66.03675712195908,301.86262849963015,0.21876426853561304
dark-3,dg,1492.968,159.3681,80.48059607499836,78.88750392500164,301.86262849963015,0.2613357748758167
dark-3,dg,1494.897,158.5385,80.47954872900816,78.05895127099184,301.86262849963015,0.2585909745070927
dark-3,dg,1496.825,152.5393,80.47850192596559,72.06079807403441,301.86262849963015,0.2387205015480169
dark-3,dg,1498.754,161.2095,80.47745457997537,80.73204542002462,301.86262849963015,0.26744630768403826
dark-3,dg,1500.682,149.5848,80.4764077769328,69.1083922230672,301.86262849963015,0.2289398742950119
dark-3,dg,1502.611,154.0901,80.4753604309426,73.6147395690574,301.86262849963015,0.24386834479958688
dark-3,dg,1504.539,162.1745,80.47431362790003,81.70018637209996,301.86262849963015,0.27065353130389264
dark-3,dg,1506.468,171.4819,80.47326628190982,91.00863371809018,301.86262849963015,0.30149023140239994
dark-3,dg,1508.396,180.9466,80.47221947886725,100.47438052113274,301.86262849963015,0.3328480276625427
dark-3,dg,1510.325,180.0607,80.47117213287704,99.58952786712295,301.86262849963015,0.32991671861508676
dark-3,dg,1512.253,171.1856,80.47012532983447,90.71547467016552,301.86262849963015,0.30051906432093056
dark-3,dg,1514.182,172.8315,80.46907798384426,92.36242201615575,301.86262849963015,0.3059750141156308
dark-3,dg,1516.11,183.6473,80.46803118080169,103.17926881919831,301.86262849963015,0.3418086873888224
dark-3,dg,1518.038,183.5863,80.46698437775912,103.11931562224088,301.86262849963015,0.3416100765264728
dark-3,dg,1519.967,188.7995,80.46593703176892,108.33356296823108,301.86262849963015,0.35888365349062684
dark-3,dg,1521.895,191.6296,80.46489022872635,111.16470977127366,301.86262849963015,0.36826257799385015
dark-3,dg,1523.824,180.9509,80.46384288273615,100.48705711726384,301.86262849963015,0.3328900222486036
dark-3,dg,1525.752,192.8453,80.46279607969358,112.38250392030643,301.86262849963015,0.3722968440276605
dark-3,dg,1527.681,202.5143,80.46174873370336,122.05255126629663,301.86262849963015,0.4043314400094617
dark-3,dg,1529.609,205.1957,80.46070193066079,124.7349980693392,301.86262849963015,0.41321775633280167
dark-3,dg,1531.538,212.0759,80.45965458467059,131.6162454153294,301.86262849963015,0.4360137128253047
dark-3,dg,1533.466,215.4658,80.45860778162802,135.00719221837198,301.86262849963015,0.44724712326732224
dark-3,dg,1535.395,233.768,80.4575604356378,153.31043956436218,301.86262849963015,0.5078814834627666
dark-3,dg,1537.323,260.7744,80.45651363259523,180.31788636740478,301.86262849963015,0.5973508123998388
dark-3,dg,1539.252,245.7659,80.45546628660503,165.31043371339496,301.86262849963015,0.547634646047606
dark-3,dg,1541.18,245.6554,80.45441948356246,165.20098051643754,301.86262849963015,0.5472720533096397
dark-3,dg,1543.109,260.492,80.45337213757225,180.03862786242777,301.86262849963015,0.5964256945528067
dark-3,dg,1545.037,265.6081,80.45232533452968,185.1557746654703,301.86262849963015,0.6133776002208804
dark-3,dg,1546.965,297.2334,80.4512785314871,216.7821214685129,301.86262849963015,0.7181482601738444
dark-3,dg,1548.894,308.1796,80.4502311854969,227.7293688145031,301.86262849963015,0.7544139198230765
dark-3,dg,1550.822,302.1385,80.44918438245433,221.68931561754567,301.86262849963015,0.7344046420036301
dark-3,dg,1552.751,329.6398,80.44813703646412,249.19166296353586,301.86262849963015,0.8255134602190121
dark-3,dg,1554.679,345.6798,80.44709023342155,265.23270976657847,301.86262849963015,0.8786536812618506
dark-3,dg,1556.608,333.4639,80.44604288743135,253.01785711256866,301.86262849963015,0.8381887429065392
dark-3,dg,1558.536,336.0241,80.44499608438878,255.5791039156112,301.86262849963015,0.8466735520920051
dark-3,dg,1560.465,355.7499,80.44394873839857,275.3059512616014,301.86262849963015,0.9120239647748868
dark-3,dg,1562.393,368.1997,80.442901935356,287.756798064644,301.86262849963015,0.9532706963260162
dark-3,dg,1564.322,376.0178,80.44185458936579,295.57594541063423,301.86262849963015,0.9791736952658132
dark-3,dg,1566.25,374.6258,80.44080778632322,294.1849922136768,301.86262849963015,0.9745657939702107
dark-3,dg,1568.179,373.3799,80.43976044033302,292.940139559667,301.86262849963015,0.9704418894637231
dark-3,dg,1570.107,377.1215,80.43871363729045,296.6827863627096,301.86262849963015,0.9828403994139112
dark-3,dg,1572.036,386.2664,80.43766629130023,305.82873370869976,301.86262849963015,1.013138775173272
dark-3,dg,1573.964,386.805,80.43661948825766,306.3683805117423,301.86262849963015,1.0149264983032429
dark-3,dg,1575.892,387.1658,80.43557268521509,306.7302273147849,301.86262849963015,1.0161252117870587
dark-3,dg,1577.821,392.7852,80.43452533922489,312.3506746607751,301.86262849963015,1.03474443396082
dark-3,dg,1579.749,357.2986,80.43347853618232,276.8651214638177,301.86262849963015,0.9171891295054992
dark-3,dg,1581.678,361.6188,80.4324311901921,281.1863688098079,301.86262849963015,0.9315044071782222
dark-3,dg,1583.606,359.231,80.43138438714954,278.79961561285046,301.86262849963015,0.9235976543323317
dark-3,dg,1585.535,356.6422,80.43033704115933,276.2118629588407,301.86262849963015,0.91502503748714
dark-3,dg,1587.463,359.4258,80.42929023811676,278.9965097618832,301.86262849963015,0.9242499184102382
dark-3,dg,1589.392,345.4762,80.42824289212656,265.04795710787346,301.86262849963015,0.8780416390901407
dark-3,dg,1591.32,329.0406,80.42719608908398,248.61340391091602,301.86262849963015,0.8235978237737389
dark-3,dg,1593.249,315.6434,80.42614874309378,235.2172512569062,301.86262849963015,0.7792195159302219
dark-3,dg,1595.177,315.8464,80.4251019400512,235.4212980599488,301.86262849963015,0.7798954750711622
dark-3,dg,1597.106,313.8052,80.424054594061,233.381145405939,301.86262849963015,0.773136928429764
dark-3,dg,1599.034,295.8846,80.42300779101843,215.46159220898153,301.86262849963015,0.7137736568448569
dark-3,dg,1600.963,293.9664,80.42196044502822,213.5444395549718,301.86262849963015,0.7074225803186281
dark-3,dg,1602.891,286.1363,80.42091364198565,205.71538635801437,301.86262849963015,0.6814867656208274
dark-3,dg,1604.819,264.0749,80.41986683894308,183.65503316105693,301.86262849963015,0.608405996044926
dark-3,dg,1606.748,261.9817,80.41881949295288,181.5628805070471,301.86262849963015,0.6014751856150009
dark-3,dg,1608.676,248.9515,80.41777268991031,168.53372731008972,301.86262849963015,0.5583126607880055
dark-3,dg,1610.605,240.4421,80.41672534392009,160.02537465607992,301.86262849963015,0.5301264865129736
dark-3,dg,1612.533,230.1616,80.41567854087752,149.74592145912248,301.86262849963015,0.4960730720573645
dark-3,dg,1614.462,215.6663,80.41463119488732,135.25166880511267,301.86262849963015,0.4480570167872847
dark-3,dg,1616.39,210.7976,80.41358439184475,130.38401560815524,301.86262849963015,0.43193162484608455
dark-3,dg,1618.319,203.2668,80.41253704585453,122.85426295414545,301.86262849963015,0.4069873225605202
dark-3,dg,1620.247,183.7192,80.41149024281196,103.30770975718804,301.86262849963015,0.3422341820538232
dark-3,dg,1622.176,181.585,80.41044289682176,101.17455710317824,301.86262849963015,0.33516754825217526
dark-3,dg,1624.104,168.7121,80.4093960937792,88.3027039062208,301.86262849963015,0.2925261213854732
dark-3,dg,1626.033,176.4319,80.40834874778899,96.02355125221102,301.86262849963015,0.3181034755096511
dark-3,dg,1627.961,168.8409,80.40730194474642,88.43359805525358,301.86262849963015,0.29295974296255733
dark-3,dg,1629.89,158.1303,80.4062545987562,77.7240454012438,301.86262849963015,0.25748151000858005
dark-3,dg,1631.818,154.4317,80.40520779571364,74.02649220428637,301.86262849963015,0.24523238458574897
dark-3,dg,1633.746,152.6633,80.40416099267107,72.25913900732893,301.86262849963015,0.2393775584824256
dark-3,dg,1635.675,148.1096,80.40311364668086,67.70648635331914,301.86262849963015,0.22429568936653613
dark-3,dg,1637.603,136.3498,80.4020668436383,55.94773315636169,301.86262849963015,0.18534170140385642
dark-3,dg,1639.532,143.2683,80.40101949764808,62.86728050235193,301.86262849963015,0.20826453680214
dark-3,dg,1641.46,131.9495,80.39997269460551,51.54952730539449,301.86262849963015,0.170771478276774
dark-3,dg,1643.389,113.5315,80.39892534861531,33.13257465138469,301.86262849963015,0.109760439097963
dark-3,dg,1645.317,121.7313,80.39787854557274,41.33342145442727,301.86262849963015,0.13692791870219176
dark-3,dg,1647.246,134.3567,80.39683119958252,53.95986880041747,301.86262849963015,0.1787563736147735
dark-3,dg,1649.174,125.1589,80.39578439653995,44.76311560346005,301.86262849963015,0.1482896900022021
dark-3,dg,1651.103,117.1793,80.39473705054975,36.78456294945025,301.86262849963015,0.12185861871104497
dark-3,dg,1653.031,123.0697,80.39369024750718,42.67600975249282,301.86262849963015,0.141375598445586
dark-3,dg,1654.96,124.217,80.39264290151698,43.82435709848302,301.86262849963015,0.1451798035295274
dark-3,dg,1656.888,117.3568,80.3915960984744,36.96520390152561,301.86262849963015,0.12245703976426782
dark-3,dg,1658.817,112.1633,80.3905487524842,31.772751247515814,301.86262849963015,0.10525566349646605
dark-3,dg,1660.745,115.2179,80.38950194944162,34.82839805055838,301.86262849963015,0.11537830377900207
dark-3,dg,1662.673,115.3369,80.38845514639905,34.94844485360095,301.86262849963015,0.11577599064616827
dark-3,dg,1664.602,110.6492,80.38740780040885,30.26179219959114,301.86262849963015,0.10025021099830587
dark-3,dg,1666.53,111.7838,80.38636099736628,31.397439002633718,301.86262849963015,0.10401234216600677
dark-3,dg,1668.459,107.5842,80.38531365137607,27.19888634862393,301.86262849963015,0.09010352319468143
dark-3,dg,1670.387,105.2752,80.3842668483335,24.890933151666502,301.86262849963015,0.08245781624371233
dark-3,dg,1672.316,107.7831,80.3832195023433,27.39988049765671,301.86262849963015,0.09076936960976036
dark-3,dg,1674.244,112.9301,80.38217269930072,32.54792730069927,301.86262849963015,0.10782363972140112
dark-3,dg,1676.173,116.692,80.38112535331051,36.310874646689484,301.86262849963015,0.12028940060307589
dark-3,dg,1678.101,108.5624,80.38007855026794,28.182321449732058,301.86262849963015,0.0933614127386643
dark-3,dg,1680.03,94.80659,80.37903120427774,14.427558795722263,301.86262849963015,0.04779511417969363
dark-3,dg,1681.958,98.02264,80.37798440123517,17.644655598764828,301.86262849963015,0.05845260039795369
dark-3,dg,1683.887,108.0355,80.37693705524495,27.658562944755047,301.86262849963015,0.09162632380903997
dark-3,dg,1685.815,112.8816,80.37589025220238,32.505709747797624,301.86262849963015,0.10768378288284021
dark-3,dg,1687.744,103.0612,80.37484290621218,22.68635709378782,301.86262849963015,0.07515457347783486
dark-3,dg,1689.672,97.54332,80.37379610316961,17.169523896830384,301.86262849963015,0.056878600647484324
dark-3,dg,1691.6,101.256,80.37274930012704,20.88325069987296,301.86262849963015,0.06918130542913015
dark-3,dg,1693.529,98.91266,80.37170195413682,18.540958045863178,301.86262849963015,0.06142183992108813
dark-3,dg,1695.457,95.19065,80.37065515109425,14.81999484890575,301.86262849963015,0.049095162665768376
dark-3,dg,1697.386,97.16946,80.36960780510405,16.799852194895948,301.86262849963015,0.055653965111207966
dark-3,dg,1699.314,84.42064,80.36856100206148,4.052078997938523,301.86262849963015,0.013423586146052153
dark-3,dg,1701.243,102.2792,80.36751365607128,21.91168634392872,301.86262849963015,0.07258827120414997
dark-3,dg,1703.171,105.6634,80.36646685302871,25.296933146971284,301.86262849963015,0.08380279888473269
dark-3,dg,1705.1,99.9277,80.3654195070385,19.562280492961506,301.86262849963015,0.06480524134502286
dark-3,dg,1707.028,94.74921,80.36437270399593,14.38483729600408,301.86262849963015,0.04765358788367439
dark-3,dg,1708.957,94.92194,80.36332535800572,14.558614641994282,301.86262849963015,0.048229271421759055
dark-3,dg,1710.885,100.2728,80.36227855496315,19.91052144503685,301.86262849963015,0.06595888183972812
dark-3,dg,1712.814,102.8086,80.36123120897294,22.44736879102706,301.86262849963015,0.0743628613538511
dark-3,dg,1714.742,104.8628,80.36018440593037,24.502615594069624,301.86262849963015,0.0811714113663449
dark-3,dg,1716.671,99.41292,80.35913705994017,19.053782940059833,301.86262849963015,0.06312070836580282
dark-3,dg,1718.599,92.77788,80.3580902568976,12.419789743102399,301.86262849963015,0.04114384680486414
dark-3,dg,1720.527,97.05752,80.35704345385503,16.70047654614497,301.86262849963015,0.05532475692387814
dark-3,dg,1722.456,104.3869,80.35599610786481,24.030903892135186,301.86262849963015,0.07960874127273634
dark-3,dg,1724.384,103.0379,80.35494930482224,22.68295069517775,301.86262849963015,0.0751432888791848
dark-3,dg,1726.313,96.90855,80.35390195883204,16.554648041167965,301.86262849963015,0.05484166133267553
dark-3,dg,1728.241,84.6272,80.35285515578947,4.274344844210532,301.86262849963015,0.014159900698723853
dark-3,dg,1730.17,101.7252,80.35180780979927,21.373392190200732,301.86262849963015,0.07080502908370759
dark-3,dg,1732.098,101.1913,80.35076100675668,20.840538993243314,301.86262849963015,0.06903981157531347
dark-3,dg,1734.027,106.4083,80.34971366076648,26.058586339233514,301.86262849963015,0.08632597704709062
dark-3,dg,1735.955,104.5484,80.34866685772391,24.199733142276088,301.86262849963015,0.08016803293126343
dark-3,dg,1737.884,105.528,80.34761951173371,25.180380488266294,301.86262849963015,0.08341668729720594
dark-3,dg,1739.812,109.0553,80.34657270869114,28.70872729130886,301.86262849963015,0.09510527167275375
dark-3,dg,1741.741,95.79688,80.34552536270093,15.451354637299076,301.86262849963015,0.051186709378693455
dark-3,dg,1743.669,80.40377,80.34447855965836,0.05929144034163869,301.86262849963015,0.0001964186180857805
dark-3,dg,1745.598,82.48092,80.34343121366815,2.1374887863318435,301.86262849963015,0.007080998389750861
dark-3,dg,1747.526,93.0786,80.34238441062558,12.73621558937441,301.86262849963015,0.042192091325375894
dark-3,dg,1749.454,101.235,80.34133760758301,20.893662392416985,301.86262849963015,0.06921579692148803
dark-3,dg,1751.383,103.0065,80.3402902615928,22.666209738407204,301.86262849963015,0.07508783002078369
dark-3,dg,1753.311,102.452,80.33924345855023,22.11275654144977,301.86262849963015,0.07325436955001159
dark-3,dg,1755.24,105.6435,80.33819611256003,25.305303887439976,301.86262849963015,0.08383052918215407
dark-3,dg,1757.168,98.72774,80.33714930951746,18.39059069048254,301.86262849963015,0.060923708184383855
dark-3,dg,1759.097,80.00169,80.33610196352724,-0.3344119635272449,301.86262849963015,-0.0011078283031900871
dark-3,dg,1761.025,95.0439,80.33505516048467,14.708844839515322,301.86262849963015,0.048726948786684085
dark-3,dg,1762.954,112.5082,80.33400781449447,32.17419218550553,301.86262849963015,0.1065855430512325
dark-3,dg,1764.882,91.25668,80.3329610114519,10.923718988548103,301.86262849963015,0.036187715726332406
dark-3,dg,1766.811,93.1313,80.3319136654617,12.799386334538298,301.86262849963015,0.042401361169337265
dark-3,dg,1768.739,100.6836,80.33086686241913,20.35273313758087,301.86262849963015,0.0674238253298911
dark-3,dg,1770.668,95.28928,80.32981951642891,14.959460483571092,301.86262849963015,0.049557179561859614
dark-3,dg,1772.596,98.36636,80.32877271338634,18.037587286613658,301.86262849963015,0.05975429080528184
dark-3,dg,1774.525,98.46842,80.32772536739614,18.140694632603854,301.86262849963015,0.06009586122922825
dark-3,dg,1776.453,98.16405,80.32667856435357,17.837371435646432,301.86262849963015,0.05909102270892167
dark-3,dg,1778.381,100.9363,80.325631761311,20.610668238689,301.86262849963015,0.06827830374740891
dark-3,dg,1780.31,98.57759,80.32458441532079,18.253005584679215,301.86262849963015,0.06046792103879656
dark-3,dg,1782.238,97.69353,80.32353761227822,17.36999238772178,301.86262849963015,0.05754270568058431
dark-3,dg,1784.167,103.9544,80.32249026628801,23.631909733711993,301.86262849963015,0.07828696732408182
dark-3,dg,1786.095,107.7218,80.32144346324544,27.400356536754558,301.86262849963015,0.0907709466155004
dark-3,dg,1788.024,102.3898,80.32039611725523,22.069403882744766,301.86262849963015,0.07311075237248789
dark-3,dg,1789.952,95.83619,80.31934931421266,15.516840685787344,301.86262849963015,0.05140364927885187
dark-3,dg,1791.881,99.89385,80.31830196822246,19.575548031777544,301.86262849963015,0.06484919358542433
dark-3,dg,1793.809,90.59782,80.31725516517989,10.280564834820112,301.86262849963015,0.03405709705079543
dark-3,dg,1795.738,96.75037,80.31620781918969,16.43416218081032,301.86262849963015,0.05444251997173096
dark-3,dg,1797.666,94.44916,80.3151610161471,14.133998983852905,301.86262849963015,0.046822619461389284
dark-3,dg,1799.595,95.57767,80.3141136701569,15.263556329843098,301.86262849963015,0.050564577687899515
dark-3,2d,2451.416,170.7636,162.39599489872637,8.367605101273625,301.86262849963015,0.027719910685412578
dark-3,2d,2453.345,176.4698,162.75708869267845,13.712711307321541,301.86262849963015,0.04542699232256352
dark-3,2d,2455.273,167.2808,163.11799529440984,4.162804705590162,301.86262849963015,0.013790394413117165
dark-3,2d,2457.202,164.179,163.479089088362,0.6999109116379998,301.86262849963015,0.0023186404859615053
dark-3,2d,2459.13,167.5189,163.83999569009333,3.6789043099066703,301.86262849963015,0.012187346039462376
dark-3,2d,2461.059,168.4405,164.2010894840455,4.239410515954489,301.86262849963015,0.01404417147305031
dark-3,2d,2462.987,168.192,164.5619960857768,3.6300039142232094,301.86262849963015,0.012025350512137534
dark-3,2d,2464.916,168.0039,164.92308987972896,3.0808101202710247,301.86262849963015,0.010206000443260565
dark-3,2d,2466.844,174.163,165.2839964814603,8.879003518539719,301.86262849963015,0.02941405354704449
dark-3,2d,2468.772,169.8769,165.6449030831916,4.231996916808413,301.86262849963015,0.014019611960059502
dark-3,2d,2470.701,173.3131,166.00599687714376,7.307103122856233,301.86262849963015,0.024206716674983125
dark-3,2d,2472.629,173.9318,166.3669034788751,7.564896521124922,301.86262849963015,0.025060725664270794
dark-3,2d,2474.558,168.1158,166.72799727282725,1.3878027271727547,301.86262849963015,0.004597464529049694
dark-3,2d,2476.486,175.1955,167.08890387455858,8.106596125441428,301.86262849963015,0.026855249242790452
dark-3,2d,2478.415,176.9478,167.44999766851072,9.497802331489282,301.86262849963015,0.03146398869809391
dark-3,2d,2480.343,177.0386,167.81090427024205,9.227695729757954,301.86262849963015,0.030569188957318246
dark-3,2d,2482.272,180.0346,168.1719980641942,11.862601935805799,301.86262849963015,0.03929801444705943
dark-3,2d,2484.2,175.7531,168.5329046659255,7.220195334074475,301.86262849963015,0.023918811579828676
dark-3,2d,2486.129,171.2082,168.8939984598777,2.3142015401222977,301.86262849963015,0.007666406244538261
dark-3,2d,2488.057,177.0708,169.254905061609,7.815894938390983,301.86262849963015,0.025892224477203078
dark-3,2d,2489.986,187.224,169.61599885556117,17.608001144438816,301.86262849963015,0.05833117279855791
dark-3,2d,2491.914,178.581,169.9769054572926,8.6040945427074,301.86262849963015,0.028503344668642686
dark-3,2d,2493.843,174.9775,170.33799925124467,4.639500748755324,301.86262849963015,0.015369576458720224
dark-3,2d,2495.771,172.4819,170.69890585297605,1.7829941470239419,301.86262849963015,0.005906640897835177
dark-3,2d,2497.699,183.7587,171.05981245470738,12.69888754529262,301.86262849963015,0.04206843228130235
dark-3,2d,2499.628,184.7022,171.42090624865955,13.281293751340456,301.86262849963015,0.04399780727198143
dark-3,2d,2501.556,181.5655,171.78181285039085,9.783687149609136,301.86262849963015,0.032411057964471156
dark-3,2d,2503.485,183.1879,172.14290664434301,11.044993355656999,301.86262849963015,0.036589469224974074
dark-3,2d,2505.413,184.867,172.50381324607434,12.363186753925646,301.86262849963015,0.040956334394142445
dark-3,2d,2507.342,183.454,172.8649070400265,10.589092959973499,301.86262849963015,0.0350791782759106
dark-3,2d,2509.27,183.493,173.22581364175784,10.267186358242157,301.86262849963015,0.0340127772996409
dark-3,2d,2511.199,189.66,173.58690743570997,16.07309256429002,301.86262849963015,0.053246381124352114
dark-3,2d,2513.127,187.4324,173.9478140374413,13.484585962558697,301.86262849963015,0.044671266627413
dark-3,2d,2515.056,189.1738,174.30890783139347,14.86489216860653,301.86262849963015,0.04924389694242904
dark-3,2d,2516.984,192.3713,174.6698144331248,17.701485566875192,301.86262849963015,0.05864086473657961
dark-3,2d,2518.913,191.7878,175.03090822707696,16.75689177292304,301.86262849963015,0.055511647321866385
dark-3,2d,2520.841,194.5874,175.39181482880826,19.195585171191738,301.86262849963015,0.06359046585727075
dark-3,2d,2522.77,188.1735,175.75290862276043,12.42059137723956,301.86262849963015,0.041146502430507985
dark-3,2d,2524.698,198.3045,176.11381522449176,22.19068477550823,301.86262849963015,0.07351252748909069
dark-3,2d,2526.626,199.7451,176.47472182622315,23.270378173776862,301.86262849963015,0.07708929816665058
dark-3,2d,2528.555,192.8126,176.83581562017523,15.976784379824778,301.86262849963015,0.05292733472584982
dark-3,2d,2530.483,190.7075,177.19672222190664,13.51077777809337,301.86262849963015,0.04475803396149757
dark-3,2d,2532.412,189.8027,177.55781601585872,12.244883984141268,301.86262849963015,0.04056442509959881
dark-3,2d,2534.34,189.9516,177.9187226175901,12.032877382409907,301.86262849963015,0.039862097014850086
dark-3,2d,2536.269,190.8843,178.27981641154219,12.60448358845781,301.86262849963015,0.04175569414175844
dark-3,2d,2538.197,189.5338,178.6407230132736,10.893076986726413,301.86262849963015,0.036086205970143004
dark-3,2d,2540.126,190.227,179.00181680722577,11.225183192774239,301.86262849963015,0.03718639584027869
dark-3,2d,2542.054,171.3686,179.3627234089571,-7.994123408957108,301.86262849963015,-0.026482653545723375
dark-3,2d,2543.983,188.9101,179.72381720290926,9.18628279709074,301.86262849963015,0.03043199763664019
dark-3,2d,2545.911,206.5073,180.08472380464056,26.422576195359426,301.86262849963015,0.08753178996250541
dark-3,2d,2547.84,200.9073,180.44581759859273,20.461482401407267,301.86262849963015,0.0677840861027033
dark-3,2d,2549.768,190.3436,180.80672420032406,9.536875799675954,301.86262849963015,0.03159342992233846
dark-3,2d,2551.697,200.3828,181.16781799427622,19.214982005723783,301.86262849963015,0.06365472301499994
dark-3,2d,2553.625,197.3366,181.52872459600752,15.807875403992483,301.86262849963015,0.05236777895482962
dark-3,2d,2555.553,195.7574,181.88963119773885,13.86776880226114,301.86262849963015,0.0459406613902129
dark-3,2d,2557.482,201.0091,182.25072499169102,18.758375008308974,301.86262849963015,0.06214209126033618
dark-3,2d,2559.41,203.0004,182.61163159342232,20.388768406577697,301.86262849963015,0.06754320171369832
dark-3,2d,2561.339,214.6477,182.97272538737448,31.674974612625505,301.86262849963015,0.10493175246655057
dark-3,2d,2563.267,228.0402,183.3336319891058,44.70656801089419,301.86262849963015,0.14810236110744315
dark-3,2d,2565.196,214.8368,183.69472578305798,31.142074216942035,301.86262849963015,0.103166378599861
dark-3,2d,2567.124,206.2299,184.05563238478928,22.17426761521071,301.86262849963015,0.07345814129236564
dark-3,2d,2569.053,208.506,184.41672617874144,24.08927382125856,301.86262849963015,0.07980210714056005
dark-3,2d,2570.981,202.8296,184.77763278047286,18.051967219527143,301.86262849963015,0.05980192814609796
dark-3,2d,2572.91,207.4914,185.13872657442494,22.352673425575063,301.86262849963015,0.07404915784599168
dark-3,2d,2574.838,206.7909,185.49963317615635,21.291266823843642,301.86262849963015,0.070532967030961
dark-3,2d,2576.767,223.6924,185.86072697010843,37.83167302989156,301.86262849963015,0.12532744850837974
dark-3,2d,2578.695,229.4487,186.22163357183982,43.227066428160185,301.86262849963015,0.14320111980411365
dark-3,2d,2580.624,206.9916,186.5827273657919,20.40887263420811,301.86262849963015,0.067609802298641
dark-3,2d,2582.552,206.8858,186.9436339675233,19.942166032476678,301.86262849963015,0.06606371292662719
dark-3,2d,2584.48,234.7383,187.3045405692546,47.4337594307454,301.86262849963015,0.15713690583862228
dark-3,2d,2586.409,238.8098,187.66563436320678,51.14416563679322,301.86262849963015,0.16942861026222025
dark-3,2d,2588.337,220.3061,188.0265409649381,32.27955903506188,301.86262849963015,0.10693459867988074
dark-3,2d,2590.266,223.0171,188.38763475889027,34.62946524110973,301.86262849963015,0.11471928609788859
dark-3,2d,2592.194,235.7357,188.74854136062157,46.987158639378436,301.86262849963015,0.1556574222947774
dark-3,2d,2594.123,235.4372,189.10963515457374,46.32756484542625,301.86262849963015,0.1534723429517974
dark-3,2d,2596.051,237.542,189.47054175630507,48.071458243694934,301.86262849963015,0.15924945225127077
dark-3,2d,2597.98,226.1151,189.83163555025723,36.28346444974278,301.86262849963015,0.12019859705749311
dark-3,2d,2599.908,227.9017,190.19254215198853,37.70915784801147,301.86262849963015,0.12492158448178912
dark-3,2d,2601.837,240.0148,190.5536359459407,49.46116405405931,301.86262849963015,0.1638532212480218
dark-3,2d,2603.765,239.7635,190.91454254767203,48.848957452327966,301.86262849963015,0.16182512454464967
dark-3,2d,2605.694,246.4819,191.2756363416242,55.2062636583758,301.86262849963015,0.18288538708077753
dark-3,2d,2607.622,237.2498,191.63654294335552,45.61325705664447,301.86262849963015,0.15110600899276394
dark-3,2d,2609.551,228.19,191.9976367373077,36.19236326269231,301.86262849963015,0.1198968002186354
dark-3,2d,2611.479,247.8591,192.358543339039,55.500556660961024,301.86262849963015,0.18386031068774392
dark-3,2d,2613.407,243.1803,192.7194499407704,50.460850059229585,301.86262849963015,0.16716494622086486
dark-3,2d,2615.336,233.1925,193.08054373472248,40.11195626527751,301.86262849963015,0.13288149137456629
dark-3,2d,2617.264,242.4244,193.44145033645387,48.98294966354612,301.86262849963015,0.1622690092742174
dark-3,2d,2619.193,248.1265,193.80254413040603,54.32395586959396,301.86262849963015,0.17996250857419577
dark-3,2d,2621.121,266.0739,194.16345073213736,71.91044926786262,301.86262849963015,0.2382224312604855
dark-3,2d,2623.05,256.1497,194.52454452608953,61.62515547391047,301.86262849963015,0.20414966827861558
dark-3,2d,2624.978,258.8067,194.88545112782083,63.92124887217915,301.86262849963015,0.21175608650163685
dark-3,2d,2626.907,268.3455,195.246544921773,73.09895507822702,301.86262849963015,0.24215967190624454
dark-3,2d,2628.835,271.3196,195.60745152350432,75.71214847649566,301.86262849963015,0.25081656796276264
dark-3,2d,2630.764,256.5653,195.9685453174565,60.59675468254349,301.86262849963015,0.20074281796236906
dark-3,2d,2632.692,270.793,196.3294519191878,74.46354808081222,301.86262849963015,0.2466802480682151
dark-3,2d,2634.621,288.9282,196.69054571313998,92.23765428686002,301.86262849963015,0.3055616879284314
dark-3,2d,2636.549,280.9844,197.05145231487128,83.93294768512871,301.86262849963015,0.27805014520116905
dark-3,2d,2638.478,272.3459,197.41254610882345,74.93335389117652,301.86262849963015,0.24823660439062378
dark-3,2d,2640.406,288.0888,197.77345271055478,90.31534728944521,301.86262849963015,0.2991935362729271
dark-3,2d,2642.334,300.743,198.13435931228608,102.60864068771392,301.86262849963015,0.3399183303932558
dark-3,2d,2644.263,288.1386,198.49545310623824,89.64314689376175,301.86262849963015,0.2969666942188956
dark-3,2d,2646.191,279.7924,198.85635970796957,80.93604029203041,301.86262849963015,0.26812209478964893
dark-3,2d,2648.12,291.3485,199.21745350192174,92.13104649807826,301.86262849963015,0.3052085213595466
dark-3,2d,2650.048,291.3464,199.57836010365304,91.76803989634698,301.86262849963015,0.3040059657350377
dark-3,2d,2651.977,294.3658,199.9394538976052,94.42634610239477,301.86262849963015,0.3128123099296158
dark-3,2d,2653.905,307.7439,200.30036049933662,107.44353950066338,301.86262849963015,0.35593521475214684
dark-3,2d,2655.834,304.7,200.6614542932887,104.03854570671129,301.86262849963015,0.3446552699279857
dark-3,2d,2657.762,300.7182,201.02236089502009,99.69583910497994,301.86262849963015,0.3302689027803986
dark-3,2d,2659.691,307.3882,201.38345468897217,106.00474531102782,301.86262849963015,0.35116882748259015
dark-3,2d,2661.619,306.4259,201.74436129070358,104.68153870929643,301.86262849963015,0.3467853547476305
dark-3,2d,2663.548,296.0389,202.10545508465566,93.93344491534435,301.86262849963015,0.3111794440478724
dark-3,2d,2665.476,285.5941,202.46636168638707,83.12773831361295,301.86262849963015,0.2753826756455041
dark-3,2d,2667.405,304.2078,202.82745548033924,101.38034451966078,301.86262849963015,0.3358492736366834
dark-3,2d,2669.333,303.4514,203.18836208207054,100.26303791792944,301.86262849963015,0.33214789924898663
dark-3,2d,2671.261,297.4169,203.54926868380187,93.86763131619813,301.86262849963015,0.31096141904930485
dark-3,2d,2673.19,310.6717,203.91036247775403,106.76133752224595,301.86262849963015,0.35367523980324966
dark-3,2d,2675.118,310.5807,204.27126907948534,106.30943092051464,301.86262849963015,0.3521781793556631
dark-3,2d,2677.047,306.4677,204.6323628734375,101.83533712656248,301.86262849963015,0.3373565572946942
dark-3,2d,2678.975,307.0427,204.99326947516883,102.0494305248312,301.86262849963015,0.33806579844631623
dark-3,2d,2680.904,307.5513,205.354363269121,102.19693673087903,301.86262849963015,0.33855445186718186
dark-3,2d,2682.832,298.4853,205.7152698708523,92.7700301291477,301.86262849963015,0.3073253240729048
dark-3,2d,2684.761,295.5574,206.07636366480446,89.48103633519551,301.86262849963015,0.2964296600077646
dark-3,2d,2686.689,298.2214,206.4372702665358,91.78412973346423,301.86262849963015,0.3040592675869338
dark-3,2d,2688.618,303.1735,206.79836406048796,96.37513593951203,301.86262849963015,0.31926819301392956
dark-3,2d,2690.546,290.3419,207.15927066221926,83.18262933778075,301.86262849963015,0.2755645167181822
dark-3,2d,2692.475,285.8912,207.52036445617142,78.3708355438286,301.86262849963015,0.25962417386133846
dark-3,2d,2694.403,287.5376,207.88127105790275,79.65632894209725,301.86262849963015,0.26388271160964477
dark-3,2d,2696.332,277.9952,208.24236485185492,69.7528351481451,301.86262849963015,0.23107476236738117
dark-3,2d,2698.26,285.0544,208.60327145358633,76.45112854641366,301.86262849963015,0.25326463539526
dark-3,2d,2700.188,264.0206,208.96417805531763,55.05642194468237,301.86262849963015,0.18238899667154335
dark-3,2d,2702.117,284.0795,209.3252718492698,74.7542281507302,301.86262849963015,0.24764320287770167
dark-3,2d,2704.045,286.1328,209.68617845100113,76.44662154899885,301.86262849963015,0.2532497047712301
dark-3,2d,2705.974,286.8028,210.0472722449533,76.7555277550467,301.86262849963015,0.2542730384895616
dark-3,2d,2707.902,285.1942,210.4081788466846,74.78602115331543,301.86262849963015,0.24774852562912425
dark-3,2d,2709.831,275.7472,210.76927264063676,64.97792735936326,301.86262849963015,0.21525661418350392
dark-3,2d,2711.759,272.1296,211.1301792423681,60.999420757631896,301.86262849963015,0.20207675610863712
dark-3,2d,2713.688,263.5287,211.49127303632025,52.03742696367976,301.86262849963015,0.17238777526825758
dark-3,2d,2715.616,280.0233,211.85217963805155,68.17112036194845,301.86262849963015,0.22583491272432216
dark-3,2d,2717.545,270.0431,212.21327343200372,57.829826567996264,301.86262849963015,0.1915766348932694
dark-3,2d,2719.473,251.3129,212.57418003373505,38.738719966264966,301.86262849963015,0.1283322820012893
dark-3,2d,2721.402,244.5355,212.9352738276872,31.6002261723128,301.86262849963015,0.10468412843742106
dark-3,2d,2723.33,250.4838,213.2961804294185,37.18761957058149,301.86262849963015,0.12319385064463868
dark-3,2d,2725.259,265.6747,213.6572742233707,52.01742577662927,301.86262849963015,0.1723215160325585
dark-3,2d,2727.187,259.4709,214.018180825102,45.452719174897965,301.86262849963015,0.1505741846906155
dark-3,2d,2729.115,253.0757,214.37908742683334,38.696612573166675,301.86262849963015,0.12819279009628742
dark-3,2d,2731.044,244.7516,214.7401812207855,30.011418779214495,301.86262849963015,0.09942078265329643
dark-3,2d,2732.972,253.5346,215.1010878225169,38.433512177483124,301.86262849963015,0.12732120027083849
dark-3,2d,2734.901,256.0874,215.46218161646897,40.625218383531035,301.86262849963015,0.13458180823990543
dark-3,2d,2736.829,261.9329,215.82308821820038,46.109811781799635,301.86262849963015,0.15275097818826597
dark-3,2d,2738.758,264.1795,216.18418201215246,47.99531798784756,301.86262849963015,0.1589972174641233
dark-3,2d,2740.686,254.363,216.54508861388385,37.81791138611615,301.86262849963015,0.12528185941428152
dark-3,2d,2742.615,263.9022,216.90618240783593,46.996017592164065,301.86262849963015,0.15568676992495495
dark-3,2d,2744.543,253.7134,217.26708900956734,36.446310990432664,301.86262849963015,0.12073806940456466
dark-3,2d,2746.472,236.5165,217.6281828035195,18.8883171964805,301.86262849963015,0.06257255921464171
dark-3,2d,2748.4,250.722,217.9890894052508,32.7329105947492,301.86262849963015,0.10843644593384737
dark-3,2d,2750.329,253.9081,218.35018319920297,35.55791680079702,301.86262849963015,0.11779502808126043
dark-3,2d,2752.257,248.2912,218.7110898009343,29.5801101990657,301.86262849963015,0.09799195861405528
dark-3,2d,2754.186,241.2495,219.07218359488647,22.177316405113544,301.86262849963015,0.07346824121734803
dark-3,2d,2756.114,237.4562,219.4330901966178,18.023109803382198,301.86262849963015,0.0597063303031706
dark-3,2d,2758.042,237.4709,219.7939967983491,17.6769032016509,301.86262849963015,0.05855942913341643
dark-3,2d,2759.971,241.1651,220.15509059230126,21.010009407698732,301.86262849963015,0.06960122726064606
dark-3,2d,2761.899,231.8837,220.5159971940326,11.367702805967411,301.86262849963015,0.037658529850048465
dark-3,2d,2763.828,231.4461,220.87709098798476,10.569009012015243,301.86262849963015,0.035012644872759374
dark-3,2d,2765.756,242.7065,221.23799758971606,21.468502410283946,301.86262849963015,0.07112010690753741
dark-3,2d,2767.685,239.9017,221.59909138366822,18.30260861633178,301.86262849963015,0.06063224423408281
dark-3,2d,2769.613,222.9685,221.95999798539955,1.0085020146004524,301.86262849963015,0.00334093034176865
dark-3,2d,2771.542,244.4116,222.32109177935172,22.090508220648275,301.86262849963015,0.07318066608790343
dark-3,2d,2773.47,236.6018,222.68199838108302,13.919801618916978,301.86262849963015,0.046113033892613946
dark-3,2d,2775.399,244.4512,223.04309217503518,21.408107824964816,301.86262849963015,0.07092003382919938
dark-3,2d,2777.327,248.1829,223.4039987767666,24.77890122323339,301.86262849963015,0.08208668077394599
dark-3,2d,2779.256,246.0793,223.76509257071868,22.31420742928131,301.86262849963015,0.07392172903347209
dark-3,2d,2781.184,250.103,224.12599917245007,25.977000827549944,301.86262849963015,0.08605570340610008
dark-3,2d,2783.113,249.3591,224.48709296640214,24.872007033597868,301.86262849963015,0.08239511845908525
dark-3,2d,2785.041,231.3189,224.84799956813356,6.470900431866454,301.86262849963015,0.02143657353024865
dark-3,2d,2786.969,236.9773,225.20890616986486,11.768393830135153,301.86262849963015,0.03898592511642948
dark-3,2d,2788.898,259.6697,225.56999996381705,34.099700036182924,301.86262849963015,0.11296429838192011
dark-3,2d,2790.826,239.3779,225.93090656554836,13.446993434451656,301.86262849963015,0.04454673140987418
dark-3,2d,2792.755,245.0282,226.29200035950052,18.73619964049948,301.86262849963015,0.06206862947435852
dark-3,2d,2794.683,244.9624,226.65290696123185,18.309493038768153,301.86262849963015,0.06065505070890412
dark-3,2d,2796.612,236.0892,227.01400075518401,9.075199244815991,301.86262849963015,0.03006400391437362
dark-3,2d,2798.54,245.6659,227.37490735691532,18.290992643084678,301.86262849963015,0.06059376324256412
dark-3,2d,2800.469,245.1662,227.73600115086748,17.430198849132523,301.86262849963015,0.057742155548592126
dark-3,2d,2802.397,230.3514,228.0969077525988,2.2544922474012026,301.86262849963015,0.007468603379646132
dark-3,2d,2804.326,230.7026,228.45800154655097,2.244598453449015,301.86262849963015,0.007435827563701762
dark-3,2d,2806.254,244.4408,228.81890814828228,15.62189185171772,301.86262849963015,0.05175165912178115
dark-3,2d,2808.183,243.3269,229.18000194223444,14.146898057765554,301.86262849963015,0.04686535106409467
dark-3,2d,2810.111,229.3525,229.54090854396577,-0.1884085439657781,301.86262849963015,-0.0006241532610453929
dark-3,2d,2812.04,241.2997,229.90200233791793,11.397697662082066,301.86262849963015,0.03775789576448358
dark-3,2d,2813.968,256.2731,230.26290893964924,26.010191060350763,301.86262849963015,0.0861656548531069
dark-3,2d,2815.896,254.0879,230.62381554138065,23.46408445861934,301.86262849963015,0.07773100159912007
dark-3,2d,2817.825,250.0969,230.98490933533273,19.111990664667275,301.86262849963015,0.06331353688815669
dark-3,2d,2819.753,254.391,231.34581593706412,23.045184062935874,301.86262849963015,0.07634328296112386
dark-3,2d,2821.682,233.9715,231.70690973101622,2.264590268983767,301.86262849963015,0.007502055753769936
dark-3,2d,2823.61,228.4818,232.0678163327476,-3.5860163327476187,301.86262849963015,-0.011879629984577611
dark-3,2d,2825.539,230.603,232.42891012669978,-1.8259101266997675,301.86262849963015,-0.006048811460283182
dark-3,2d,2827.467,228.8602,232.7898167284311,-3.929616728431114,301.86262849963015,-0.013017897405726488
dark-3,2d,2829.396,246.8264,233.15091052238327,13.675489477616736,301.86262849963015,0.04530368514177797
dark-3,2d,2831.324,254.3331,233.51181712411457,20.82128287588543,301.86262849963015,0.06897602058053683
dark-3,2d,2833.253,234.1494,233.87291091806674,0.2764890819332777,301.86262849963015,0.0009159433988484483
dark-3,2d,2835.181,247.4021,234.23381751979807,13.168282480201924,301.86262849963015,0.04362342746981698
dark-3,2d,2837.11,243.7749,234.59491131375023,9.179988686249771,301.86262849963015,0.03041114672550802
dark-3,2d,2839.038,250.7882,234.95581791548153,15.832382084518457,301.86262849963015,0.05244896383236077
dark-3,2d,2840.967,265.1079,235.31691170943373,29.790988290566247,301.86262849963015,0.09869054820942418
dark-3,2d,2842.895,247.9789,235.67781831116503,12.301081688834984,301.86262849963015,0.040750594898003596
dark-3,2d,2844.823,239.7344,236.03872491289633,3.695675087103666,301.86262849963015,0.012242903685933398
dark-3,2d,2846.752,255.287,236.39981870684852,18.887181293151485,301.86262849963015,0.06256879623366371
dark-3,2d,2848.68,251.6691,236.76072530857982,14.908374691420164,301.86262849963015,0.04938794432924787
dark-4,dg,1101.49,89.59103,78.28266130031558,11.308368699684422,303.89936522962756,0.03721089937499466
dark-4,dg,1103.418,88.77783,78.27475068652497,10.503079313475027,303.89936522962756,0.03456104393485277
dark-4,dg,1105.347,84.31017,78.26683596971891,6.043334030281088,303.89936522962756,0.01988597121851413
dark-4,dg,1107.275,80.28249,78.25892535592831,2.0235646440716835,303.89936522962756,0.006658666899625375
dark-4,dg,1109.203,78.55169,78.2510147421377,0.3006752578622951,303.89936522962756,0.0009893908716627417
dark-4,dg,1111.132,83.09166,78.24310002533164,4.848559974668362,303.89936522962756,0.01595449194507126
dark-4,dg,1113.06,83.65811,78.23518941154104,5.42292058845895,303.89936522962756,0.017844461716336163
dark-4,dg,1114.989,82.25158,78.22727469473497,4.024305305265031,303.89936522962756,0.013242230046200492
dark-4,dg,1116.917,91.71722,78.21936408094437,13.497855919055624,303.89936522962756,0.04441554495797183
dark-4,dg,1118.846,96.55711,78.21144936413832,18.345660635861677,303.89936522962756,0.06036755167948318
dark-4,dg,1120.774,83.30843,78.2035387503477,5.104891249652297,303.89936522962756,0.01679796614841568
dark-4,dg,1122.703,85.33318,78.19562403354165,7.1375559664583506,303.89936522962756,0.023486577410470024
dark-4,dg,1124.631,85.07395,78.18771341975105,6.886236580248948,303.89936522962756,0.022659595142772607
dark-4,dg,1126.56,81.87534,78.17979870294498,3.6955412970550157,303.89936522962756,0.012160411372569502
dark-4,dg,1128.488,75.397,78.17188808915438,-2.7748880891543735,303.89936522962756,-0.00913094401186938
dark-4,dg,1130.417,80.26339,78.16397337234832,2.099416627651678,303.89936522962756,0.006908262628536096
dark-4,dg,1132.345,87.37242,78.15606275855771,9.216357241442296,303.89936522962756,0.03032700392275706
dark-4,dg,1134.274,92.56842,78.14814804175165,14.42027195824835,303.89936522962756,0.04745081302605662
dark-4,dg,1136.202,97.9726,78.14023742796105,19.832362572038946,303.89936522962756,0.06525963802870577
dark-4,dg,1138.13,99.86623,78.13232681417044,21.73390318582956,303.89936522962756,0.07151677717196724
dark-4,dg,1140.059,90.6463,78.12441209736438,12.521887902635612,303.89936522962756,0.041204060736270455
dark-4,dg,1141.987,80.39853,78.11650148357377,2.282028516426223,303.89936522962756,0.007509158548922645
dark-4,dg,1143.916,83.77098,78.10858676676771,5.6623932332322795,303.89936522962756,0.018632461535264322
dark-4,dg,1145.844,90.85771,78.10067615297712,12.757033847022882,303.89936522962756,0.04197782327509508
dark-4,dg,1147.773,89.59356,78.09276143617106,11.500798563828937,303.89936522962756,0.037844101961644075
dark-4,dg,1149.701,88.46876,78.08485082238045,10.383909177619557,303.89936522962756,0.0341689070978264
dark-4,dg,1151.63,90.19536,78.07693610557439,12.118423894425604,303.89936522962756,0.03987643700824737
dark-4,dg,1153.558,90.92616,78.06902549178378,12.85713450821622,303.89936522962756,0.042307210804804804
dark-4,dg,1155.487,92.55045,78.06111077497772,14.489339225022277,303.89936522962756,0.04767808321703494
dark-4,dg,1157.415,80.37952,78.05320016118712,2.3263198388128785,303.89936522962756,0.007654901934576606
dark-4,dg,1159.344,82.31675,78.04528544438107,4.271464555618934,303.89936522962756,0.01405552312487194
dark-4,dg,1161.272,95.9796,78.03737483059045,17.942225169409554,303.89936522962756,0.0590400218699119
dark-4,dg,1163.201,105.8655,78.0294601137844,27.8360398862156,303.89936522962756,0.09159624227968552
dark-4,dg,1165.129,103.0991,78.0215494999938,25.07755050000621,303.89936522962756,0.08251925923259996
dark-4,dg,1167.057,98.05724,78.01363888620318,20.04360111379681,303.89936522962756,0.06595473175355857
dark-4,dg,1168.986,100.5382,78.00572416939713,22.532475830602877,303.89936522962756,0.07414453075141256
dark-4,dg,1170.914,106.2555,77.99781355560651,28.257686444393485,303.89936522962756,0.09298369683346283
dark-4,dg,1172.843,106.1476,77.98989883880046,28.15770116119954,303.89936522962756,0.0926546889623263
dark-4,dg,1174.771,101.2689,77.98198822500986,23.286911774990145,303.89936522962756,0.07662704973863457
dark-4,dg,1176.7,93.10901,77.9740735082038,15.134936491796196,303.89936522962756,0.04980246168122193
dark-4,dg,1178.628,93.09103,77.96616289441319,15.124867105586816,303.89936522962756,0.04976932773175886
dark-4,dg,1180.557,91.11123,77.95824817760713,13.152981822392874,303.89936522962756,0.04328071502371987
dark-4,dg,1182.485,101.1294,77.95033756381652,23.179062436183486,303.89936522962756,0.07627216469724869
dark-4,dg,1184.414,99.02606,77.94242284701046,21.08363715298954,303.89936522962756,0.06937703583901421
dark-4,dg,1186.342,92.40768,77.93451223321986,14.473167766780136,303.89936522962756,0.04762487001525704
dark-4,dg,1188.271,107.1535,77.9265975164138,29.226902483586187,303.89936522962756,0.09617296324887754
dark-4,dg,1190.199,92.99104,77.9186869026232,15.072353097376805,303.89936522962756,0.049596527080561933
dark-4,dg,1192.128,107.7605,77.91077218581714,29.849727814182856,303.89936522962756,0.09822240922296196
dark-4,dg,1194.056,105.6468,77.90286157202652,27.743938427973475,303.89936522962756,0.09129317663105366
dark-4,dg,1195.984,101.2735,77.89495095823592,23.378549041764074,303.89936522962756,0.07692858793600688
dark-4,dg,1197.913,98.80263,77.88703624142987,20.915593758570125,303.89936522962756,0.06882407846678527
dark-4,dg,1199.841,98.54138,77.87912562763925,20.66225437236075,303.89936522962756,0.06799044926187413
dark-4,dg,1201.77,103.4604,77.8712109108332,25.58918908916681,303.89936522962756,0.08420283823176634
dark-4,dg,1203.698,111.4722,77.8633002970426,33.6088997029574,303.89936522962756,0.11059220106485707
dark-4,dg,1205.627,113.0867,77.85538558023653,35.231314419763464,303.89936522962756,0.11593085886554104
dark-4,dg,1207.555,104.9883,77.84747496644593,27.140825033554066,303.89936522962756,0.08930859402436182
dark-4,dg,1209.484,105.6231,77.83956024963987,27.78353975036012,303.89936522962756,0.0914234872763448
dark-4,dg,1211.412,121.2761,77.83164963584926,43.44445036415074,303.89936522962756,0.14295669993033366
dark-4,dg,1213.341,104.4571,77.8237349190432,26.633365080956793,303.89936522962756,0.08763876509196561
dark-4,dg,1215.269,100.819,77.8158243052526,23.003175694747398,303.89936522962756,0.07569339829770987
dark-4,dg,1217.198,116.4964,77.80790958844653,38.68849041155346,303.89936522962756,0.12730691418957155
dark-4,dg,1219.126,114.9115,77.79999897465594,37.11150102534407,303.89936522962756,0.12211773129997318
dark-4,dg,1221.055,104.2969,77.79208425784988,26.504815742150114,303.89936522962756,0.08721576539695294
dark-4,dg,1222.983,117.2614,77.78417364405927,39.47722635594073,303.89936522962756,0.12990229948690937
dark-4,dg,1224.911,124.3364,77.77626303026867,46.56013696973133,303.89936522962756,0.1532090629230183
dark-4,dg,1226.84,118.975,77.76834831346261,41.206651686537384,303.89936522962756,0.13559308245149335
dark-4,dg,1228.768,111.5048,77.760437699672,33.74436230032801,303.89936522962756,0.11103794927255156
dark-4,dg,1230.697,113.3117,77.75252298286594,35.55917701713406,303.89936522962756,0.11700971139003666
dark-4,dg,1232.625,121.8674,77.74461236907533,44.12278763092468,303.89936522962756,0.14518881142639217
dark-4,dg,1234.554,127.0081,77.73669765226927,49.27140234773073,303.89936522962756,0.16213065239705604
dark-4,dg,1236.482,127.0731,77.72878703847867,49.344312961521325,303.89936522962756,0.16237056936343572
dark-4,dg,1238.411,127.4872,77.72087232167262,49.766327678327386,303.89936522962756,0.16375923536636464
dark-4,dg,1240.339,128.853,77.712961707882,51.14003829211801,303.89936522962756,0.16827951665340396
dark-4,dg,1242.268,127.9483,77.70504699107595,50.24325300892406,303.89936522962756,0.1653285882020848
dark-4,dg,1244.196,134.7277,77.69713637728535,57.03056362271465,303.89936522962756,0.18766266122215206
dark-4,dg,1246.125,124.3446,77.68922166047928,46.65537833952072,303.89936522962756,0.15352246064833908
dark-4,dg,1248.053,119.86,77.68131104668868,42.17868895331132,303.89936522962756,0.13879163229393696
dark-4,dg,1249.982,137.1257,77.67339632988262,59.452303670117374,303.89936522962756,0.19563154936238508
dark-4,dg,1251.91,133.8846,77.66548571609201,56.219114283908,303.89936522962756,0.1849925360700527
dark-4,dg,1253.839,131.3617,77.65757099928595,53.70412900071406,303.89936522962756,0.17671681860913072
dark-4,dg,1255.767,134.867,77.64966038549534,57.21733961450465,303.89936522962756,0.18827725938575424
dark-4,dg,1257.695,138.1003,77.64174977170474,60.458550228295266,303.89936522962756,0.1989426670325966
dark-4,dg,1259.624,148.8652,77.63383505489868,71.2313649451013,303.89936522962756,0.2343912922992735
dark-4,dg,1261.552,166.0153,77.62592444110807,88.38937555889193,303.89936522962756,0.2908508067863339
dark-4,dg,1263.481,170.0893,77.61800972430201,92.471290275698,303.89936522962756,0.304282604229286
dark-4,dg,1265.409,165.0488,77.61009911051141,87.43870088948859,303.89936522962756,0.28772255191589347
dark-4,dg,1267.338,157.0818,77.60218439370536,79.47961560629463,303.89936522962756,0.2615326805511407
dark-4,dg,1269.266,152.0349,77.59427377991474,74.44062622008525,303.89936522962756,0.24495156863469464
dark-4,dg,1271.195,163.0495,77.58635906310869,85.4631409368913,303.89936522962756,0.28122184747676265
dark-4,dg,1273.123,163.5192,77.57844844931807,85.94075155068194,303.89936522962756,0.28279345527998967
dark-4,dg,1275.052,168.9908,77.57053373251202,91.42026626748799,303.89936522962756,0.30082414353978815
dark-4,dg,1276.98,189.246,77.56262311872142,111.68337688127859,303.89936522962756,0.3675011851271561
dark-4,dg,1278.909,184.3011,77.55470840191536,106.74639159808463,303.89936522962756,0.3512557241356086
dark-4,dg,1280.837,174.8677,77.54679778812475,97.32090221187526,303.89936522962756,0.3202405577199518
dark-4,dg,1282.766,197.8875,77.5388830713187,120.3486169286813,303.89936522962756,0.396014703215143
dark-4,dg,1284.694,202.7182,77.53097245752808,125.18722754247192,303.89936522962756,0.41193645616166374
dark-4,dg,1286.622,197.808,77.52306184373748,120.28493815626251,303.89936522962756,0.3958051642041922
dark-4,dg,1288.551,202.7715,77.51514712693142,125.25635287306858,303.89936522962756,0.4121639174153075
dark-4,dg,1290.479,206.4349,77.50723651314081,128.9276634868592,303.89936522962756,0.4242445961986164
dark-4,dg,1292.408,212.3082,77.49932179633475,134.80887820366524,303.89936522962756,0.44359710360633076
dark-4,dg,1294.336,226.6195,77.49141118254416,149.12808881745582,303.89936522962756,0.4907153679138949
dark-4,dg,1296.265,240.8227,77.48349646573809,163.3392035342619,303.89936522962756,0.5374779358648616
dark-4,dg,1298.193,244.9288,77.47558585194749,167.4532141480525,303.89936522962756,0.5510153468781489
dark-4,dg,1300.122,252.3967,77.46767113514143,174.9290288648586,303.89936522962756,0.5756149860092058
dark-4,dg,1302.05,270.7203,77.45976052135082,193.2605394786492,303.89936522962756,0.6359359761499362
dark-4,dg,1303.979,265.2055,77.45184580454476,187.75365419545523,303.89936522962756,0.6178152233177184
dark-4,dg,1305.907,265.1935,77.44393519075416,187.7495648092458,303.89936522962756,0.6178017669348586
dark-4,dg,1307.836,293.0382,77.43602047394809,215.60217952605194,303.89936522962756,0.7094525497384375
dark-4,dg,1309.764,305.6454,77.42810986015749,228.2172901398425,303.89936522962756,0.7509633656766628
dark-4,dg,1311.693,312.5059,77.42019514335144,235.08570485664856,303.89936522962756,0.7735643168554066
dark-4,dg,1313.621,325.6983,77.41228452956082,248.2860154704392,303.89936522962756,0.8170007702478526
dark-4,dg,1315.549,335.0464,77.40437391577022,257.64202608422977,303.89936522962756,0.8477873123872912
dark-4,dg,1317.478,341.2723,77.39645919896417,263.8758408010358,303.89936522962756,0.8683000723007439
dark-4,dg,1319.406,350.1486,77.38854858517355,272.7600514148264,303.89936522962756,0.8975341268275695
dark-4,dg,1321.335,362.9124,77.3806338683675,285.5317661316325,303.89936522962756,0.9395602584292453
dark-4,dg,1323.263,380.82,77.3727232545769,303.4472767454231,303.89936522962756,0.9985123743714869
dark-4,dg,1325.192,386.1977,77.36480853777083,308.83289146222916,303.89936522962756,1.0162340787677322
dark-4,dg,1327.12,399.3246,77.35689792398023,321.96770207601975,303.89936522962756,1.0594550002851755
dark-4,dg,1329.049,418.3362,77.34898320717417,340.98721679282585,303.89936522962756,1.1220399112554071
dark-4,dg,1330.977,417.9865,77.34107259338356,340.6454274066164,303.89936522962756,1.120915231755168
dark-4,dg,1332.906,406.9264,77.3331578765775,329.5932421234225,303.89936522962756,1.0845473200458333
dark-4,dg,1334.834,410.6078,77.32524726278689,333.2825527372131,303.89936522962756,1.0966872289627307
dark-4,dg,1336.763,415.6036,77.31733254598083,338.28626745401914,303.89936522962756,1.1131522673580074
dark-4,dg,1338.691,393.3403,77.30942193219023,316.0308780678098,303.89936522962756,1.0399195070019827
dark-4,dg,1340.62,413.3307,77.30150721538418,336.0291927846158,303.89936522962756,1.1057252210142354
dark-4,dg,1342.548,399.551,77.29359660159356,322.25740339840644,303.89936522962756,1.0604082807310489
dark-4,dg,1344.476,378.9803,77.28568598780296,301.694614012197,303.89936522962756,0.9927451272701256
dark-4,dg,1346.405,362.9689,77.27777127099691,285.69112872900314,303.89936522962756,0.9400846510920936
dark-4,dg,1348.333,357.8782,77.2698606572063,280.60833934279367,303.89936522962756,0.9233594125172486
dark-4,dg,1350.262,358.8541,77.26194594040024,281.5921540595998,303.89936522962756,0.9265967168007332
dark-4,dg,1352.19,349.1348,77.25403532660962,271.88076467339033,303.89936522962756,0.8946407784299126
dark-4,dg,1354.119,329.7293,77.24612060980357,252.48317939019645,303.89936522962756,0.8308118024511804
dark-4,dg,1356.047,316.5494,77.23820999601297,239.311190003987,303.89936522962756,0.7874685418416801
dark-4,dg,1357.976,312.3214,77.23029527920691,235.09110472079306,303.89936522962756,0.7735820854484421
dark-4,dg,1359.904,317.6082,77.2223846654163,240.3858153345837,303.89936522962756,0.7910046641688351
dark-4,dg,1361.833,306.1372,77.21446994861024,228.92273005138975,303.89936522962756,0.7532846601321949
dark-4,dg,1363.761,266.7717,77.20655933481963,189.56514066518037,303.89936522962756,0.6237760336285803
dark-4,dg,1365.69,259.1957,77.19864461801357,181.9970553819864,303.89936522962756,0.598872772387888
dark-4,dg,1367.618,255.5141,77.19073400422297,178.32336599577704,303.89936522962756,0.5867842661041269
dark-4,dg,1369.547,250.162,77.18281928741692,172.9791807125831,303.89936522962756,0.5691988878682893
dark-4,dg,1371.475,252.9748,77.1749086736263,175.79989132637368,303.89936522962756,0.5784806137832456
dark-4,dg,1373.403,241.0598,77.1669980598357,163.8928019401643,303.89936522962756,0.5392995862835259
dark-4,dg,1375.332,219.5395,77.15908334302964,142.38041665697037,303.89936522962756,0.46851172772074456
dark-4,dg,1377.26,224.3274,77.15117272923904,147.176227270761,303.89936522962756,0.4842926445718439
dark-4,dg,1379.189,229.7454,77.14325801243298,152.602141987567,303.89936522962756,0.5021469586560676
dark-4,dg,1381.117,224.2125,77.13534739864237,147.07715260135762,303.89936522962756,0.4839666331327331
dark-4,dg,1383.046,215.4227,77.12743268183631,138.29526731816367,303.89936522962756,0.45506928655039214
dark-4,dg,1384.974,206.1756,77.11952206804571,129.0560779319543,303.89936522962756,0.4246671520173759
dark-4,dg,1386.903,206.0784,77.11160735123964,128.96679264876036,303.89936522962756,0.4243733531700948
dark-4,dg,1388.831,199.6822,77.10369673744904,122.57850326255095,303.89936522962756,0.40335228462859785
dark-4,dg,1390.76,183.251,77.09578202064299,106.15521797935702,303.89936522962756,0.3493104301127635
dark-4,dg,1392.688,175.2742,77.08787140685237,98.18632859314764,303.89936522962756,0.3230882977296042
dark-4,dg,1394.617,182.0976,77.07995669004632,105.01764330995368,303.89936522962756,0.3455671690218962
dark-4,dg,1396.545,184.2195,77.07204607625572,107.1474539237443,303.89936522962756,0.3525754449759487
dark-4,dg,1398.474,167.6723,77.06413135944965,90.60816864055036,303.89936522962756,0.29815188515476654
dark-4,dg,1400.402,158.1484,77.05622074565905,81.09217925434096,303.89936522962756,0.26683892278967875
dark-4,dg,1402.33,184.3759,77.04831013186843,107.32758986813157,303.89936522962756,0.3531681936454011
dark-4,dg,1404.259,153.124,77.04039541506238,76.08360458493762,303.89936522962756,0.25035789241431466
dark-4,dg,1406.187,155.6033,77.03248480127178,78.57081519872821,303.89936522962756,0.2585422155763958
dark-4,dg,1408.116,163.1448,77.02457008446572,86.12022991553428,303.89936522962756,0.2833840401425699
dark-4,dg,1410.044,165.1242,77.01665947067511,88.1075405293249,303.89936522962756,0.2899234108723804
dark-4,dg,1411.973,158.342,77.00874475386905,81.33325524613096,303.89936522962756,0.26763219852293946
dark-4,dg,1413.901,155.7193,77.00083414007844,78.71846585992157,303.89936522962756,0.2590280693756684
dark-4,dg,1415.83,150.8026,76.99291942327238,73.80968057672763,303.89936522962756,0.24287540226007626
dark-4,dg,1417.758,142.0401,76.98500880948178,65.05509119051821,303.89936522962756,0.2140678745457804
dark-4,dg,1419.687,145.3393,76.97709409267573,68.36220590732428,303.89936522962756,0.22495014379404685
dark-4,dg,1421.615,155.6465,76.96918347888511,78.67731652111489,303.89936522962756,0.2588926648848575
dark-4,dg,1423.544,149.189,76.96126876207906,72.22773123792093,303.89936522962756,0.23766989833409286
dark-4,dg,1425.472,133.3991,76.95335814828846,56.445741851711546,303.89936522962756,0.18573826835426563
dark-4,dg,1427.401,135.2085,76.94544343148239,58.2630565685176,303.89936522962756,0.19171825687919355
dark-4,dg,1429.329,143.6697,76.93753281769179,66.73216718230822,303.89936522962756,0.21958639871420965
dark-4,dg,1431.257,139.8378,76.92962220390118,62.90817779609881,303.89936522962756,0.20700332081498474
dark-4,dg,1433.186,153.4849,76.92170748709512,76.56319251290489,303.89936522962756,0.25193600669436556
dark-4,dg,1435.114,159.4795,76.91379687330452,82.56570312669548,303.89936522962756,0.2716876458899758
dark-4,dg,1437.043,151.1662,76.90588215649846,74.26031784350154,303.89936522962756,0.24435825256624064
dark-4,dg,1438.971,144.5305,76.89797154270785,67.63252845729214,303.89936522962756,0.22254909419171945
dark-4,dg,1440.9,145.659,76.8900568259018,68.7689431740982,303.89936522962756,0.22628853838551494
dark-4,dg,1442.828,141.7123,76.88214621211118,64.83015378788882,303.89936522962756,0.21332770385651478
dark-4,dg,1444.757,123.9134,76.87423149530512,47.03916850469487,303.89936522962756,0.15478534635685037
dark-4,dg,1446.685,131.1229,76.86632088151453,54.25657911848546,303.89936522962756,0.1785346905133842
dark-4,dg,1448.614,149.1485,76.85840616470847,72.29009383529154,303.89936522962756,0.23787510638815867
dark-4,dg,1450.542,145.7217,76.85049555091786,68.87120444908214,303.89936522962756,0.2266250355509719
dark-4,dg,1452.471,138.5846,76.8425808341118,61.742019165888195,303.89936522962756,0.20316600240094507
dark-4,dg,1454.399,140.2453,76.83467022032119,63.4106297796788,303.89936522962756,0.208656670709942
dark-4,dg,1456.328,136.2594,76.82675550351513,59.43264449648487,303.89936522962756,0.19556685961346884
dark-4,dg,1458.256,138.4534,76.81884488972453,61.63455511027546,303.89936522962756,0.20281238515817282
dark-4,dg,1460.184,140.8374,76.81093427593392,64.02646572406609,303.89936522962756,0.21068311766853293
dark-4,dg,1462.113,142.378,76.80301955912786,65.57498044087212,303.89936522962756,0.21577860286520642
dark-4,dg,1464.041,142.103,76.79510894533726,65.30789105466275,303.89936522962756,0.21489972841935964
dark-4,dg,1465.97,134.8233,76.78719422853119,58.0361057714688,303.89936522962756,0.19097146098879306
dark-4,dg,1467.898,151.9255,76.77928361474059,75.14621638525941,303.89936522962756,0.2472733575092486
dark-4,dg,1469.827,146.8242,76.77136889793454,70.05283110206545,303.89936522962756,0.2305132524680769
dark-4,dg,1471.755,142.9036,76.76345828414392,66.14014171585609,303.89936522962756,0.2176383016327801
dark-4,dg,1473.684,119.6291,76.75554356733787,42.87355643266213,303.89936522962756,0.14107813749550513
dark-4,dg,1475.612,138.1465,76.74763295354727,61.398867046452736,303.89936522962756,0.2020368387412047
dark-4,dg,1477.541,147.5416,76.7397182367412,70.80188176325879,303.89936522962756,0.2329780508417996
dark-4,dg,1479.469,142.1616,76.7318076229506,65.4297923770494,303.89936522962756,0.21530085239766916
dark-4,dg,1481.398,143.6361,76.72389290614454,66.91220709385546,303.89936522962756,0.22017883138155397
dark-4,dg,1483.326,149.7648,76.71598229235393,73.04881770764608,303.89936522962756,0.2403717350723984
dark-4,dg,1485.255,150.2666,76.70806757554787,73.55853242445214,303.89936522962756,0.2420489834484222
dark-4,dg,1487.183,149.3049,76.70015696175727,72.60474303824273,303.89936522962756,0.23891047940617546
dark-4,dg,1489.111,148.4766,76.69224634796666,71.78435365203333,303.89936522962756,0.2362109364650788
dark-4,dg,1491.04,141.3161,76.6843316311606,64.6317683688394,303.89936522962756,0.212674904141387
dark-4,dg,1492.968,154.4409,76.67642101736999,77.76447898263001,303.89936522962756,0.25588891547657844
dark-4,dg,1494.897,154.7522,76.66850630056393,78.08369369943605,303.89936522962756,0.25693931160545763
dark-4,dg,1496.825,150.1684,76.66059568677333,73.50780431322666,303.89936522962756,0.24188205940372356
dark-4,dg,1498.754,158.3705,76.65268096996728,81.71781903003271,303.89936522962756,0.2688976298725942
dark-4,dg,1500.682,147.054,76.64477035617666,70.40922964382334,303.89936522962756,0.23168600431469097
dark-4,dg,1502.611,151.369,76.63685563937061,74.73214436062939,303.89936522962756,0.24591082743513296
dark-4,dg,1504.539,160.4236,76.62894502558001,83.79465497441998,303.89936522962756,0.27573158934078196
dark-4,dg,1506.468,167.3676,76.62103030877394,90.74656969122607,303.89936522962756,0.29860730252811685
dark-4,dg,1508.396,173.6602,76.61311969498334,97.04708030501666,303.89936522962756,0.3193395294909139
dark-4,dg,1510.325,173.1708,76.60520497817728,96.56559502182273,303.89936522962756,0.3177551718439997
dark-4,dg,1512.253,166.921,76.59729436438667,90.32370563561332,303.89936522962756,0.2972158417223556
dark-4,dg,1514.182,171.5565,76.58937964758061,94.96712035241939,303.89936522962756,0.31249529027697
dark-4,dg,1516.11,182.8422,76.58146903379001,106.26073096620998,303.89936522962756,0.349657627240909
dark-4,dg,1518.038,177.8572,76.5735584199994,101.2836415800006,303.89936522962756,0.3332802011727477
dark-4,dg,1519.967,183.7967,76.56564370319335,107.23105629680664,303.89936522962756,0.35285054384954845
dark-4,dg,1521.895,186.3412,76.55773308940273,109.78346691059726,303.89936522962756,0.361249411717739
dark-4,dg,1523.824,176.4794,76.54981837259668,99.92958162740332,303.89936522962756,0.32882458162390743
dark-4,dg,1525.752,195.9038,76.54190775880608,119.36189224119391,303.89936522962756,0.39276782348987005
dark-4,dg,1527.681,201.9087,76.53399304200002,125.37470695799999,303.89936522962756,0.4125533689853757
dark-4,dg,1529.609,203.1927,76.5260824282094,126.6666175717906,303.89936522962756,0.4168044822208852
dark-4,dg,1531.538,210.6771,76.51816771140335,134.15893228859665,303.89936522962756,0.4414584156410647
dark-4,dg,1533.466,214.5781,76.51025709761274,138.06784290238727,303.89936522962756,0.4543209321877414
dark-4,dg,1535.395,231.4076,76.50234238080668,154.90525761919332,303.89936522962756,0.5097255056855624
dark-4,dg,1537.323,255.6924,76.49443176701608,179.1979682329839,303.89936522962756,0.5896621998456009
dark-4,dg,1539.252,244.0165,76.48651705021003,167.52998294979,303.89936522962756,0.5512679594549454
dark-4,dg,1541.18,245.1181,76.47860643641941,168.63949356358057,303.89936522962756,0.5549188740034251
dark-4,dg,1543.109,256.3213,76.47069171961336,179.85060828038667,303.89936522962756,0.5918097530229812
dark-4,dg,1545.037,261.1088,76.46278110582274,184.64601889417725,303.89936522962756,0.6075893536488896
dark-4,dg,1546.965,293.7513,76.45487049203214,217.29642950796787,303.89936522962756,0.7150275860029448
dark-4,dg,1548.894,302.2923,76.44695577522609,225.84534422477392,303.89936522962756,0.7431583282647671
dark-4,dg,1550.822,298.0546,76.43904516143547,221.61555483856452,303.89936522962756,0.7292399399094202
dark-4,dg,1552.751,326.4956,76.43113044462942,250.0644695553706,303.89936522962756,0.8228528854162657
dark-4,dg,1554.679,339.0316,76.42321983083882,262.6083801691612,303.89936522962756,0.8641294132705188
dark-4,dg,1556.608,326.5369,76.41530511403275,250.12159488596726,303.89936522962756,0.8230408599141837
dark-4,dg,1558.536,330.8242,76.40739450024215,254.41680549975786,303.89936522962756,0.8371745209389283
dark-4,dg,1560.465,348.7704,76.39947978343609,272.3709202165639,303.89936522962756,0.8962536661133179
dark-4,dg,1562.393,360.9432,76.39156916964548,284.5516308303545,303.89936522962756,0.9363350614942751
dark-4,dg,1564.322,373.8233,76.38365445283942,297.4396455471606,303.89936522962756,0.978743885570192
dark-4,dg,1566.25,374.2247,76.37574383904882,297.84895616095116,303.89936522962756,0.9800907479220804
dark-4,dg,1568.179,375.4748,76.36782912224275,299.10697087775725,303.89936522962756,0.9842303245738958
dark-4,dg,1570.107,378.5027,76.35991850845215,302.14278149154785,303.89936522962756,0.9942198505852342
dark-4,dg,1572.036,390.315,76.3520037916461,313.9629962083539,303.89936522962756,1.0331150115141643
dark-4,dg,1573.964,391.3228,76.34409317785548,314.9787068221445,303.89936522962756,1.0364572712553886
dark-4,dg,1575.892,383.0906,76.33618256406488,306.7544174359351,303.89936522962756,1.0093947290878684
dark-4,dg,1577.821,388.5061,76.32826784725883,312.1778321527412,303.89936522962756,1.0272408167646496
dark-4,dg,1579.749,358.641,76.32035723346821,282.3206427665318,303.89936522962756,0.928993854769026
dark-4,dg,1581.678,360.3122,76.31244251666216,283.9997574833379,303.89936522962756,0.9345190874905136
dark-4,dg,1583.606,357.4324,76.30453190287155,281.12786809712844,303.89936522962756,0.9250689546018206
dark-4,dg,1585.535,354.1004,76.29661718606549,277.8037828139345,303.89936522962756,0.9141308426360972
dark-4,dg,1587.463,353.0937,76.28870657227489,276.8049934277251,303.89936522962756,0.9108442632598793
dark-4,dg,1589.392,338.9758,76.28079185546883,262.69500814453113,303.89936522962756,0.8644144680790555
dark-4,dg,1591.32,325.2298,76.27288124167822,248.9569187583218,303.89936522962756,0.8192084197681985
dark-4,dg,1593.249,313.2065,76.26496652487216,236.94153347512784,303.89936522962756,0.7796710377992856
dark-4,dg,1595.177,315.3263,76.25705591108157,239.06924408891842,303.89936522962756,0.7866724035710859
dark-4,dg,1597.106,310.757,76.2491411942755,234.5078588057245,303.89936522962756,0.7716628780337512
dark-4,dg,1599.034,294.6495,76.2412305804849,218.40826941951508,303.89936522962756,0.7186861652523852
dark-4,dg,1600.963,291.2315,76.23331586367884,214.99818413632113,303.89936522962756,0.707465064870628
dark-4,dg,1602.891,283.5804,76.22540524988823,207.35499475011176,303.89936522962756,0.6823146688491222
dark-4,dg,1604.819,265.8247,76.21749463609763,189.60720536390238,303.89936522962756,0.6239144501688394
dark-4,dg,1606.748,259.9937,76.20957991929157,183.78412008070842,303.89936522962756,0.6047532213232509
dark-4,dg,1608.676,244.0646,76.20166930550096,167.86293069449906,303.89936522962756,0.5523635449770063
dark-4,dg,1610.605,236.0417,76.1937545886949,159.8479454113051,303.89936522962756,0.5259897311418316
dark-4,dg,1612.533,231.1335,76.18584397490429,154.9476560250957,303.89936522962756,0.5098650203103144
dark-4,dg,1614.462,215.5036,76.17792925809823,139.32567074190177,303.89936522962756,0.4584598939080598
dark-4,dg,1616.39,205.4477,76.17001864430763,129.27768135569238,303.89936522962756,0.42539635203913523
dark-4,dg,1618.319,199.9659,76.16210392750158,123.80379607249843,303.89936522962756,0.407384187785163
dark-4,dg,1620.247,182.746,76.15419331371096,106.59180668628905,303.89936522962756,0.3507470527480301
dark-4,dg,1622.176,179.1743,76.1462785969049,103.02802140309508,303.89936522962756,0.3390201928366869
dark-4,dg,1624.104,162.4344,76.13836798311429,86.29603201688572,303.89936522962756,0.2839625280285798
dark-4,dg,1626.033,172.6985,76.13045326630824,96.56804673369176,303.89936522962756,0.3177632393563065
dark-4,dg,1627.961,168.4019,76.12254265251764,92.27935734748237,303.89936522962756,0.3036510368416062
dark-4,dg,1629.89,154.8702,76.11462793571158,78.75557206428843,303.89936522962756,0.2591501696779801
dark-4,dg,1631.818,147.7322,76.10671732192097,71.62548267807904,303.89936522962756,0.23568816152004313
dark-4,dg,1633.746,146.6812,76.09880670813037,70.58239329186962,303.89936522962756,0.232255810203938
dark-4,dg,1635.675,145.0476,76.0908919913243,68.95670800867569,303.89936522962756,0.22690639039858385
dark-4,dg,1637.603,136.2074,76.0829813775337,60.12441862246631,303.89936522962756,0.19784318594096456
dark-4,dg,1639.532,141.6928,76.07506666072764,65.61773333927236,303.89936522962756,0.21591928396984753
dark-4,dg,1641.46,129.7385,76.06715604693703,53.67134395306296,303.89936522962756,0.17660893734512634
dark-4,dg,1643.389,112.349,76.05924133013097,36.28975866986903,303.89936522962756,0.1194137363283018
dark-4,dg,1645.317,118.0511,76.05133071634037,41.99976928365963,303.89936522962756,0.13820288585309956
dark-4,dg,1647.246,128.5695,76.0434159995343,52.5260840004657,303.89936522962756,0.1728403873459123
dark-4,dg,1649.174,122.2542,76.0355053857437,46.21869461425629,303.89936522962756,0.15208552534926575
dark-4,dg,1651.103,113.6203,76.02759066893765,37.59270933106235,303.89936522962756,0.1237011775350605
dark-4,dg,1653.031,117.0452,76.01968005514703,41.02551994485296,303.89936522962756,0.13499705704832227
dark-4,dg,1654.96,121.0473,76.01176533834098,45.03553466165903,303.89936522962756,0.1481922630132182
dark-4,dg,1656.888,113.7637,76.00385472455038,37.75984527544962,303.89936522962756,0.12425114888581006
dark-4,dg,1658.817,110.772,75.99594000774431,34.776059992255696,303.89936522962756,0.11443281550120635
dark-4,dg,1660.745,113.3023,75.98802939395371,37.31427060604629,303.89936522962756,0.12278495737512148
dark-4,dg,1662.673,111.5163,75.9801187801631,35.536181219836905,303.89936522962756,0.11693404227082088
dark-4,dg,1664.602,106.5741,75.97220406335704,30.60189593664296,303.89936522962756,0.10069746579931171
dark-4,dg,1666.53,104.2682,75.96429344956644,28.303906550433553,303.89936522962756,0.09313578700319762
dark-4,dg,1668.459,104.8681,75.95637873276038,28.911721267239614,303.89936522962756,0.09513583960727856
dark-4,dg,1670.387,101.3689,75.94846811896977,25.420431881030225,303.89936522962756,0.08364753201054713
dark-4,dg,1672.316,102.0966,75.94055340216372,26.15604659783628,303.89936522962756,0.08606811856310614
dark-4,dg,1674.244,106.0779,75.93264278837312,30.145257211626884,303.89936522962756,0.09919486731684685
dark-4,dg,1676.173,111.3689,75.92472807156705,35.44417192843295,303.89936522962756,0.11663127990297444
dark-4,dg,1678.101,105.5948,75.91681745777645,29.67798254222356,303.89936522962756,0.09765727058955441
dark-4,dg,1680.03,90.77135,75.90890274097039,14.862447259029608,303.89936522962756,0.048905818700211774
dark-4,dg,1681.958,95.5731,75.90099212717978,19.67210787282022,303.89936522962756,0.06473230984854443
dark-4,dg,1683.887,102.8461,75.89307741037372,26.953022589626286,303.89936522962756,0.08869061825535725
dark-4,dg,1685.815,107.2278,75.8851667965831,31.342633203416895,303.89936522962756,0.10313490842514356
dark-4,dg,1687.744,98.28854,75.87725207977705,22.411287920222946,303.89936522962756,0.07374575430023977
dark-4,dg,1689.672,93.12942,75.86934146598645,17.260078534013545,303.89936522962756,0.05679537540649932
dark-4,dg,1691.6,97.32443,75.86143085219584,21.46299914780417,303.89936522962756,0.070625350374084
dark-4,dg,1693.529,95.95121,75.85351613538978,20.09769386461022,303.89936522962756,0.06613272735671667
dark-4,dg,1695.457,91.89362,75.84560552159918,16.048014478400816,303.89936522962756,0.05280700229918175
dark-4,dg,1697.386,92.52269,75.83769080479313,16.68499919520687,303.89936522962756,0.054903040625305745
dark-4,dg,1699.314,83.76897,75.82978019100251,7.939189808997483,303.89936522962756,0.02612440405394924
dark-4,dg,1701.243,96.46696,75.82186547419646,20.645094525803543,303.89936522962756,0.06793398370609964
dark-4,dg,1703.171,101.0946,75.81395486040584,25.280645139594156,303.89936522962756,0.083187554934483
dark-4,dg,1705.1,96.45564,75.80604014359979,20.649599856400215,303.89936522962756,0.06794880878016081
dark-4,dg,1707.028,90.34779,75.79812952980919,14.549660470190815,303.89936522962756,0.04787657407312133
dark-4,dg,1708.957,90.06266,75.79021481300313,14.272445186996862,303.89936522962756,0.0469643797255468
dark-4,dg,1710.885,93.8326,75.78230419921252,18.05029580078748,303.89936522962756,0.0593956350884399
dark-4,dg,1712.814,95.94413,75.77438948240646,20.16974051759354,303.89936522962756,0.0663698014056502
dark-4,dg,1714.742,98.76453,75.76647886861585,22.998051131384145,303.89936522962756,0.07567653559923275
dark-4,dg,1716.671,92.84112,75.7585641518098,17.08255584819021,303.89936522962756,0.05621122582892717
dark-4,dg,1718.599,88.74767,75.7506535380192,12.997016461980806,303.89936522962756,0.04276750118303212
dark-4,dg,1720.527,95.30182,75.74274292422858,19.559077075771427,303.89936522962756,0.0643603748924994
dark-4,dg,1722.456,100.8092,75.73482820742252,25.07437179257748,303.89936522962756,0.08250879949561983
dark-4,dg,1724.384,98.25678,75.72691759363192,22.529862406368082,303.89936522962756,0.07413593111438199
dark-4,dg,1726.313,93.96474,75.71900287682585,18.245737123174152,303.89936522962756,0.06003874706808815
dark-4,dg,1728.241,85.04011,75.71109226303525,9.329017736964744,303.89936522962756,0.030697720378309118
dark-4,dg,1730.17,98.29996,75.7031775462292,22.5967824537708,303.89936522962756,0.07435613574479362
dark-4,dg,1732.098,99.06911,75.69526693243859,23.37384306756141,303.89936522962756,0.07691310263152423
dark-4,dg,1734.027,101.7045,75.68735221563253,26.017147784367467,303.89936522962756,0.08561106326993742
dark-4,dg,1735.955,97.3646,75.67944160184193,21.685158398158066,303.89936522962756,0.07135637937832702
dark-4,dg,1737.884,100.1608,75.67152688503586,24.489273114964135,303.89936522962756,0.08058349544909363
dark-4,dg,1739.812,104.8581,75.66361627124526,29.194483728754733,303.89936522962756,0.09606628729446429
dark-4,dg,1741.741,90.76509,75.6557015544392,15.109388445560796,303.89936522962756,0.04971839422614155
dark-4,dg,1743.669,75.02033,75.64779094064859,-0.6274609406485894,303.89936522962756,-0.002064699740897706
dark-4,dg,1745.598,77.54315,75.63987622384253,1.9032737761574623,303.89936522962756,0.00626284222317918
dark-4,dg,1747.526,88.20554,75.63196561005194,12.573574389948064,303.89936522962756,0.04137413837783906
dark-4,dg,1749.454,96.22692,75.62405499626132,20.602865003738685,303.89936522962756,0.06779502480425084
dark-4,dg,1751.383,98.47863,75.61614027945527,22.86248972054473,303.89936522962756,0.07523046223959613
dark-4,dg,1753.311,97.89098,75.60822966566465,22.282750334335347,303.89936522962756,0.0733227932789475
dark-4,dg,1755.24,100.4375,75.6003149488586,24.837185051141404,303.89936522962756,0.08172832158558255
dark-4,dg,1757.168,94.87444,75.592404335068,19.28203566493201,303.89936522962756,0.06344875268285746
dark-4,dg,1759.097,74.23064,75.58448961826194,-1.3538496182619468,303.89936522962756,-0.00445492743046361
dark-4,dg,1761.025,89.81602,75.57657900447133,14.239440995528668,303.89936522962756,0.04685577735501122
dark-4,dg,1762.954,106.7588,75.56866428766527,31.190135712334722,303.89936522962756,0.1026331058268823
dark-4,dg,1764.882,86.00002,75.56075367387466,10.439266326125349,303.89936522962756,0.03435106328121942
dark-4,dg,1766.811,87.29775,75.5528389570686,11.744911042931392,303.89936522962756,0.0386473694476357
dark-4,dg,1768.739,91.56496,75.544928343278,16.020031656721997,303.89936522962756,0.0527149230621696
dark-4,dg,1770.668,89.45208,75.53701362647195,13.915066373528049,303.89936522962756,0.04578840223313323
dark-4,dg,1772.596,96.29881,75.52910301268133,20.76970698731867,303.89936522962756,0.06834402885845121
dark-4,dg,1774.525,94.42398,75.52118829587528,18.902791704124724,303.89936522962756,0.062200826546122266
dark-4,dg,1776.453,92.52916,75.51327768208468,17.015882317915327,303.89936522962756,0.055991832378649624
dark-4,dg,1778.381,97.23883,75.50536706829406,21.73346293170593,303.89936522962756,0.07151532848804748
dark-4,dg,1780.31,95.43743,75.49745235148801,19.939977648512,303.89936522962756,0.06561375221512974
dark-4,dg,1782.238,92.77277,75.4895417376974,17.2832282623026,303.89936522962756,0.056871551045338066
dark-4,dg,1784.167,97.77818,75.48162702089134,22.296552979108668,303.89936522962756,0.07336821175082515
dark-4,dg,1786.095,100.9848,75.47371640710074,25.51108359289927,303.89936522962756,0.08394582717743748
dark-4,dg,1788.024,96.66228,75.46580169029468,21.196478309705313,303.89936522962756,0.06974834677160043
dark-4,dg,1789.952,91.72723,75.45789107650407,16.269338923495937,303.89936522962756,0.05353528432414711
dark-4,dg,1791.881,94.4621,75.44997635969801,19.012123640301994,303.89936522962756,0.06256059016752588
dark-4,dg,1793.809,88.32693,75.4420657459074,12.884864254092605,303.89936522962756,0.04239845727995105
dark-4,dg,1795.738,89.70284,75.43415102910134,14.268688970898651,303.89936522962756,0.0469520196599199
dark-4,dg,1797.666,90.23757,75.42624041531074,14.811329584689261,303.89936522962756,0.04873761277355009
dark-4,dg,1799.595,92.18278,75.41832569850469,16.764454301495306,303.89936522962756,0.05516449265640294
dark-4,2d,2451.416,162.9077,154.59837325342218,8.309326746577824,303.89936522962756,0.027342362957221922
dark-4,2d,2453.345,170.3601,154.94192547121403,15.418174528785954,303.89936522962756,0.05073447427945735
dark-4,2d,2455.273,160.0318,155.28529959039648,4.746500409603527,303.89936522962756,0.015618658518806226
dark-4,2d,2457.202,156.4038,155.62885180818841,0.7749481918115748,303.89936522962756,0.0025500158291743087
dark-4,2d,2459.13,161.7841,155.97222592737077,5.811874072629223,303.89936522962756,0.019124337651175244
dark-4,2d,2461.059,162.8206,156.3157781451627,6.504821854837303,303.89936522962756,0.021404525968398234
dark-4,2d,2462.987,159.2957,156.6591522643451,2.636547735654915,303.89936522962756,0.008675726366400039
dark-4,2d,2464.916,158.9414,157.002704482137,1.9386955178629819,303.89936522962756,0.006379399695021067
dark-4,2d,2466.844,165.2435,157.3460786013194,7.8974213986806205,303.89936522962756,0.025986962469346713
dark-4,2d,2468.772,159.8854,157.68945272050175,2.195947279498256,303.89936522962756,0.007225902817661332
dark-4,2d,2470.701,163.7005,158.0330049382937,5.667495061706319,303.89936522962756,0.0186492494231567
dark-4,2d,2472.629,165.3252,158.37637905747604,6.948820942523952,303.89936522962756,0.022865532928222458
dark-4,2d,2474.558,162.9067,158.71993127526798,4.186768724732019,303.89936522962756,0.013776826159437615
dark-4,2d,2476.486,169.9838,159.06330539445034,10.920494605549663,303.89936522962756,0.035934575241044334
dark-4,2d,2478.415,169.8411,159.40685761224228,10.434242387757735,303.89936522962756,0.03433453169562753
dark-4,2d,2480.343,167.9822,159.75023173142463,8.231968268575372,303.89936522962756,0.027087810013539396
dark-4,2d,2482.272,169.6991,160.09378394921657,9.605316050783415,303.89936522962756,0.031606897380406174
dark-4,2d,2484.2,166.4283,160.43715806839896,5.9911419316010495,303.89936522962756,0.019714229830898523
dark-4,2d,2486.129,163.4345,160.78071028619087,2.6537897138091466,303.89936522962756,0.008732462181366956
dark-4,2d,2488.057,169.2971,161.12408440537325,8.173015594626747,303.89936522962756,0.026893822527240832
dark-4,2d,2489.986,176.5833,161.46763662316516,15.115663376834846,303.89936522962756,0.04973904228267601
dark-4,2d,2491.914,168.7068,161.81101074234763,6.895789257652353,303.89936522962756,0.022691028829368787
dark-4,2d,2493.843,169.9179,162.1545629601395,7.763337039860517,303.89936522962756,0.025545749442400147
dark-4,2d,2495.771,164.0217,162.49793707932193,1.523762920678081,303.89936522962756,0.005014037852717197
dark-4,2d,2497.699,176.2427,162.8413111985043,13.401388801495727,303.89936522962756,0.04409811383241813
dark-4,2d,2499.628,171.8381,163.18486341629622,8.653236583703773,303.89936522962756,0.02847401993474173
dark-4,2d,2501.556,172.4827,163.52823753547858,8.954462464521413,303.89936522962756,0.02946522266591569
dark-4,2d,2503.485,176.1695,163.87178975327052,12.29771024672948,303.89936522962756,0.040466390041444415
dark-4,2d,2505.413,177.101,164.21516387245288,12.885836127547122,303.89936522962756,0.04240165529075895
dark-4,2d,2507.342,173.3401,164.55871609024481,8.781383909755192,303.89936522962756,0.028895696781465613
dark-4,2d,2509.27,172.2916,164.90209020942717,7.389509790572816,303.89936522962756,0.024315647336049136
dark-4,2d,2511.199,181.4436,165.2456424272191,16.197957572780894,303.89936522962756,0.053300399494226165
dark-4,2d,2513.127,180.446,165.5890165464015,14.856983453598502,303.89936522962756,0.0488878397043459
dark-4,2d,2515.056,179.1201,165.93256876419343,13.187531235806574,303.89936522962756,0.04339440204438079
dark-4,2d,2516.984,182.6357,166.2759428833758,16.359757116624223,303.89936522962756,0.053832811082914656
dark-4,2d,2518.913,183.5298,166.61949510116773,16.910304898832266,303.89936522962756,0.055644423232193235
dark-4,2d,2520.841,187.7469,166.9628692203501,20.784030779649925,303.89936522962756,0.06839116219918863
dark-4,2d,2522.77,180.7608,167.30642143814202,13.454378561857965,303.89936522962756,0.04427247997603346
dark-4,2d,2524.698,185.9269,167.64979555732438,18.277104442675608,303.89936522962756,0.060141963208331664
dark-4,2d,2526.626,186.9122,167.99316967650682,18.91903032349319,303.89936522962756,0.062254260745815956
dark-4,2d,2528.555,183.6434,168.33672189429868,15.306678105701337,303.89936522962756,0.05036758827757192
dark-4,2d,2530.483,183.0899,168.68009601348112,14.409803986518881,303.89936522962756,0.047416367505837914
dark-4,2d,2532.412,182.5138,169.023648231273,13.490151768727003,303.89936522962756,0.04439019396613017
dark-4,2d,2534.34,182.241,169.36702235045544,12.873977649544571,303.89936522962756,0.04236263422207856
dark-4,2d,2536.269,181.2873,169.7105745682473,11.576725431752692,303.89936522962756,0.03809394410220394
dark-4,2d,2538.197,179.743,170.05394868742974,9.689051312570257,303.89936522962756,0.03188243353272282
dark-4,2d,2540.126,180.3449,170.39750090522168,9.94739909477832,303.89936522962756,0.032732543180082084
dark-4,2d,2542.054,163.918,170.74087502440403,-6.822875024404027,303.89936522962756,-0.022451099952935524
dark-4,2d,2543.983,178.6196,171.08442724219597,7.53517275780402,303.89936522962756,0.02479496050316003
dark-4,2d,2545.911,194.3205,171.42780136137833,22.89269863862168,303.89936522962756,0.07532986658699951
dark-4,2d,2547.84,191.1974,171.77135357917027,19.42604642082972,303.89936522962756,0.06392262914452396
dark-4,2d,2549.768,181.0114,172.11472769835262,8.896672301647385,303.89936522962756,0.029275060495519707
dark-4,2d,2551.697,190.7703,172.45827991614456,18.31202008385543,303.89936522962756,0.06025685532452098
dark-4,2d,2553.625,188.3449,172.80165403532692,15.543245964673076,303.89936522962756,0.051146029715884854
dark-4,2d,2555.553,187.0037,173.1450281545093,13.858671845490704,303.89936522962756,0.045602832487060437
dark-4,2d,2557.482,191.3582,173.48858037230121,17.869619627698796,303.89936522962756,0.05880110876242351
dark-4,2d,2559.41,192.3932,173.8319544914836,18.561245508516407,303.89936522962756,0.0610769472798716
dark-4,2d,2561.339,202.8893,174.17550670927554,28.713793290724453,303.89936522962756,0.09448454513561816
dark-4,2d,2563.267,213.3262,174.5188808284579,38.807319171542105,303.89936522962756,0.12769792770780927
dark-4,2d,2565.196,200.9037,174.86243304624983,26.041266953750153,303.89936522962756,0.08569042891574738
dark-4,2d,2567.124,195.4535,175.2058071654322,20.2476928345678,303.89936522962756,0.06662630841386774
dark-4,2d,2569.053,201.0232,175.54935938322413,25.473840616775874,303.89936522962756,0.08382327681904744
dark-4,2d,2570.981,195.6342,175.89273350240657,19.74146649759342,303.89936522962756,0.06496053877136825
dark-4,2d,2572.91,197.8299,176.23628572019842,21.593614279801585,303.89936522962756,0.07105514769168854
dark-4,2d,2574.838,200.9054,176.57965983938087,24.32574016061912,303.89936522962756,0.08004537996398411
dark-4,2d,2576.767,215.9752,176.92321205717272,39.05198794282728,303.89936522962756,0.12850302570826183
dark-4,2d,2578.695,216.4913,177.26658617635516,39.224713823644834,303.89936522962756,0.1290713910968734
dark-4,2d,2580.624,197.586,177.61013839414704,19.97586160585297,303.89936522962756,0.0657318306366291
dark-4,2d,2582.552,198.811,177.95351251332949,20.85748748667052,303.89936522962756,0.068632876119733
dark-4,2d,2584.48,224.0064,178.29688663251184,45.70951336748817,303.89936522962756,0.1504100323899982
dark-4,2d,2586.409,228.7226,178.64043885030378,50.08216114969622,303.89936522962756,0.16479850529419152
dark-4,2d,2588.337,209.6824,178.98381296948614,30.698587030513863,303.89936522962756,0.10101563393302217
dark-4,2d,2590.266,212.8866,179.32736518727808,33.55923481272191,303.89936522962756,0.11042877561578458
dark-4,2d,2592.194,222.3757,179.67073930646043,42.70496069353956,303.89936522962756,0.14052336259824538
dark-4,2d,2594.123,226.5714,180.01429152425237,46.55710847574764,303.89936522962756,0.15319909747283908
dark-4,2d,2596.051,223.0714,180.35766564343473,42.71373435656528,303.89936522962756,0.1405522328889717
dark-4,2d,2597.98,215.9264,180.70121786122667,35.225182138773334,303.89936522962756,0.11591068020874952
dark-4,2d,2599.908,217.8335,181.04459198040905,36.788908019590934,303.89936522962756,0.12105621869855862
dark-4,2d,2601.837,227.7827,181.38814419820096,46.394555801799044,303.89936522962756,0.15266420766210925
dark-4,2d,2603.765,230.337,181.73151831738335,48.60548168261664,303.89936522962756,0.1599393985107213
dark-4,2d,2605.694,237.5465,182.07507053517526,55.47142946482475,303.89936522962756,0.18253223208581013
dark-4,2d,2607.622,227.7238,182.41844465435764,45.30535534564237,303.89936522962756,0.14908012496639952
dark-4,2d,2609.551,220.1101,182.76199687214958,37.34810312785041,303.89936522962756,0.12289628541879327
dark-4,2d,2611.479,236.8958,183.10537099133194,53.79042900866807,303.89936522962756,0.1770007942202308
dark-4,2d,2613.407,231.3697,183.44874511051438,47.920954889485614,303.89936522962756,0.15768691998838613
dark-4,2d,2615.336,219.9271,183.79229732830623,36.13480267169376,303.89936522962756,0.11890384385762097
dark-4,2d,2617.264,231.4546,184.13567144748868,47.31892855251132,303.89936522962756,0.15570591441267723
dark-4,2d,2619.193,240.3314,184.4792236652806,55.85217633471939,303.89936522962756,0.18378510363954614
dark-4,2d,2621.121,255.6706,184.82259778446297,70.84800221553704,303.89936522962756,0.2331298130945552
dark-4,2d,2623.05,248.2679,185.1661500022549,63.10174999774509,303.89936522962756,0.20764028233512485
dark-4,2d,2624.978,251.0567,185.50952412143727,65.54717587856274,303.89936522962756,0.21568711020187567
dark-4,2d,2626.907,260.9642,185.8530763392292,75.1111236607708,303.89936522962756,0.24715788268927952
dark-4,2d,2628.835,262.2059,186.1964504584116,76.0094495415884,303.89936522962756,0.2501138805741017
dark-4,2d,2630.764,245.5332,186.54000267620353,58.993197323796466,303.89936522962756,0.19412083101661293
dark-4,2d,2632.692,257.3175,186.88337679538589,70.43412320461411,303.89936522962756,0.2317679181441982
dark-4,2d,2634.621,276.4074,187.22692901317782,89.18047098682217,303.89936522962756,0.2934539561128634
dark-4,2d,2636.549,270.7837,187.57030313236018,83.21339686763983,303.89936522962756,0.27381892293445054
dark-4,2d,2638.478,263.1946,187.91385535015212,75.28074464984786,303.89936522962756,0.24771603123608182
dark-4,2d,2640.406,277.8055,188.25722946933448,89.54827053066552,303.89936522962756,0.29466422367484213
dark-4,2d,2642.334,286.4627,188.60060358851683,97.86209641148315,303.89936522962756,0.3220213913166227
dark-4,2d,2644.263,283.1568,188.94415580630877,94.2126441936912,303.89936522962756,0.3100126389619266
dark-4,2d,2646.191,272.1765,189.28752992549116,82.88897007450882,303.89936522962756,0.2727513761401824
dark-4,2d,2648.12,283.5579,189.63108214328307,93.92681785671695,303.89936522962756,0.3090721093995885
dark-4,2d,2650.048,285.0921,189.97445626246545,95.11764373753456,303.89936522962756,0.3129905969552233
dark-4,2d,2651.977,280.5783,190.3180084802574,90.26029151974262,303.89936522962756,0.2970071735804436
dark-4,2d,2653.905,292.9125,190.66138259943983,102.25111740056019,303.89936522962756,0.3364637412891562
dark-4,2d,2655.834,295.4999,191.00493481723169,104.49496518276834,303.89936522962756,0.3438472637276209
dark-4,2d,2657.762,293.3753,191.34830893641413,102.02699106358585,303.89936522962756,0.3357262394625071
dark-4,2d,2659.691,299.5977,191.69186115420598,107.905838845794,303.89936522962756,0.3550709583228643
dark-4,2d,2661.619,298.1989,192.03523527338842,106.16366472661156,303.89936522962756,0.34933822466655656
dark-4,2d,2663.548,284.6053,192.37878749118028,92.22651250881972,303.89936522962756,0.3034771475719701
dark-4,2d,2665.476,275.296,192.72216161036272,82.57383838963727,303.89936522962756,0.27171441548502134
dark-4,2d,2667.405,295.6679,193.06571382815466,102.60218617184532,303.89936522962756,0.33761895519037594
dark-4,2d,2669.333,293.6232,193.409087947337,100.21411205266298,303.89936522962756,0.32976084690713586
dark-4,2d,2671.261,288.8772,193.7524620665194,95.12473793348062,303.89936522962756,0.31301394085375595
dark-4,2d,2673.19,301.9087,194.09601428431134,107.81268571568867,303.89936522962756,0.3547644320817353
dark-4,2d,2675.118,302.9301,194.4393884034937,108.49071159650629,303.89936522962756,0.3569955189426943
dark-4,2d,2677.047,299.0341,194.78294062128563,104.25115937871439,303.89936522962756,0.3430450053751899
dark-4,2d,2678.975,297.1228,195.126314740468,101.996485259532,303.89936522962756,0.3356258581930997
dark-4,2d,2680.904,294.9834,195.46986695825993,99.51353304174009,303.89936522962756,0.32745554755123385
dark-4,2d,2682.832,288.7327,195.81324107744229,92.91945892255774,303.89936522962756,0.3057573313861562
dark-4,2d,2684.761,286.5884,196.15679329523422,90.43160670476576,303.89936522962756,0.2975708969857021
dark-4,2d,2686.689,288.6873,196.50016741441658,92.18713258558341,303.89936522962756,0.3033475654545262
dark-4,2d,2688.618,291.5486,196.84371963220852,94.7048803677915,303.89936522962756,0.3116323730924285
dark-4,2d,2690.546,280.2975,197.18709375139088,83.11040624860914,303.89936522962756,0.27348002581647574
dark-4,2d,2692.475,274.4667,197.5306459691828,76.93605403081719,303.89936522962756,0.2531629310008068
dark-4,2d,2694.403,281.6642,197.8740200883652,83.7901799116348,303.89936522962756,0.27571686386486066
dark-4,2d,2696.332,266.7346,198.2175723061571,68.51702769384289,303.89936522962756,0.22545959463281917
dark-4,2d,2698.26,273.0275,198.56094642533958,74.4665535746604,303.89936522962756,0.24503688422775471
dark-4,2d,2700.188,257.6434,198.90432054452194,58.73907945547805,303.89936522962756,0.1932846401672954
dark-4,2d,2702.117,273.3707,199.24787276231388,74.12282723768612,303.89936522962756,0.24390583106904032
dark-4,2d,2704.045,271.5546,199.59124688149623,71.96335311850376,303.89936522962756,0.23679994548237362
dark-4,2d,2705.974,274.1444,199.93479909928817,74.20960090071185,303.89936522962756,0.24419136527198332
dark-4,2d,2707.902,271.468,200.27817321847053,71.18982678152949,303.89936522962756,0.23425460835608583
dark-4,2d,2709.831,261.3565,200.62172543626247,60.73477456373752,303.89936522962756,0.1998516006041871
dark-4,2d,2711.759,262.1728,200.96509955544482,61.20770044455517,303.89936522962756,0.20140779299853553
dark-4,2d,2713.688,251.8869,201.30865177323676,50.578248226763236,303.89936522962756,0.16643091106342428
dark-4,2d,2715.616,269.3104,201.65202589241912,67.6583741075809,303.89936522962756,0.22263414093167969
dark-4,2d,2717.545,257.7791,201.99557811021106,55.78352188978897,303.89936522962756,0.18355919186484224
dark-4,2d,2719.473,240.1476,202.33895222939344,37.80864777060657,303.89936522962756,0.1244117365695654
dark-4,2d,2721.402,233.8613,202.68250444718535,31.17879555281465,303.89936522962756,0.10259579031781073
dark-4,2d,2723.33,240.9105,203.02587856636774,37.884621433632276,303.89936522962756,0.12466173269235527
dark-4,2d,2725.259,255.5696,203.36943078415968,52.20016921584033,303.89936522962756,0.17176794422192254
dark-4,2d,2727.187,249.0111,203.71280490334203,45.29829509665797,303.89936522962756,0.14905689277248207
dark-4,2d,2729.115,241.6523,204.0561790225244,37.59612097747561,303.89936522962756,0.12371240377243904
dark-4,2d,2731.044,235.0543,204.39973124031633,30.654568759683684,303.89936522962756,0.1008707890407108
dark-4,2d,2732.972,244.0271,204.74310535949877,39.28399464050122,303.89936522962756,0.12926645835807546
dark-4,2d,2734.901,244.4666,205.08665757729062,39.37994242270938,303.89936522962756,0.12958218057794801
dark-4,2d,2736.829,249.4852,205.43003169647307,44.055168303526926,303.89936522962756,0.14496630577111824
dark-4,2d,2738.758,254.9997,205.77358391426492,49.22611608573507,303.89936522962756,0.16198163509996022
dark-4,2d,2740.686,243.5189,206.11695803344736,37.40194196655264,303.89936522962756,0.12307344550815888
dark-4,2d,2742.615,253.1864,206.46051025123924,46.72588974876075,303.89936522962756,0.15375448288105006
dark-4,2d,2744.543,241.6774,206.80388437042168,34.87351562957832,303.89936522962756,0.11475349941329346
dark-4,2d,2746.472,225.1307,207.14743658821362,17.983263411786368,303.89936522962756,0.05917506079092381
dark-4,2d,2748.4,240.1948,207.49081070739598,32.70398929260401,303.89936522962756,0.10761453637092247
dark-4,2d,2750.329,242.0015,207.83436292518792,34.167137074812075,303.89936522962756,0.11242911629313622
dark-4,2d,2752.257,237.8587,208.17773704437028,29.680962955629724,303.89936522962756,0.09766707782756529
dark-4,2d,2754.186,231.261,208.5212892621622,22.739710737837783,303.89936522962756,0.07482645026473013
dark-4,2d,2756.114,226.4972,208.86466338134457,17.632536618655422,303.89936522962756,0.058020972190357185
dark-4,2d,2758.042,224.8979,209.20803750052693,15.689862499473065,303.89936522962756,0.051628480657133796
dark-4,2d,2759.971,228.1068,209.55158971831887,18.555210281681127,303.89936522962756,0.061057087985888804
dark-4,2d,2761.899,221.6735,209.89496383750122,11.778536162498767,303.89936522962756,0.03875801502118591
dark-4,2d,2763.828,222.7205,210.2385160552932,12.481983944706798,303.89936522962756,0.04107275424966867
dark-4,2d,2765.756,229.5037,210.58189017447555,18.921809825524463,303.89936522962756,0.06226340687229494
dark-4,2d,2767.685,228.9862,210.92544239226748,18.060757607732512,303.89936522962756,0.05943006032304718
dark-4,2d,2769.613,212.9135,211.26881651144984,1.6446834885501573,303.89936522962756,0.005411934596531414
dark-4,2d,2771.542,234.5607,211.61236872924178,22.948331270758217,303.89936522962756,0.07551292926662867
dark-4,2d,2773.47,226.8505,211.95574284842414,14.894757151575874,303.89936522962756,0.04901213643641979
dark-4,2d,2775.399,236.4519,212.29929506621608,24.15260493378392,303.89936522962756,0.07947566759652201
dark-4,2d,2777.327,233.6751,212.64266918539852,21.03243081460147,303.89936522962756,0.06920853815771968
dark-4,2d,2779.256,230.744,212.98622140319037,17.75777859680963,303.89936522962756,0.0584330888068548
dark-4,2d,2781.184,238.4815,213.3295955223728,25.1519044776272,303.89936522962756,0.08276392567856244
dark-4,2d,2783.113,236.5442,213.67314774016467,22.871052259835324,303.89936522962756,0.07525863781437604
dark-4,2d,2785.041,220.4668,214.0165218593471,6.450278140652898,303.89936522962756,0.0212250464418675
dark-4,2d,2786.969,228.1049,214.3598959785295,13.745004021470493,303.89936522962756,0.04522880135364782
dark-4,2d,2788.898,248.9503,214.7034481963214,34.246851803678595,303.89936522962756,0.11269142262867689
dark-4,2d,2790.826,228.5144,215.0468223155038,13.467577684496206,303.89936522962756,0.044315912520317545
dark-4,2d,2792.755,237.7281,215.39037453329573,22.337725466704285,303.89936522962756,0.07350369241418392
dark-4,2d,2794.683,234.4492,215.73374865247808,18.715451347521906,303.89936522962756,0.06158437130456142
dark-4,2d,2796.612,223.4188,216.07730087027002,7.341499129729982,303.89936522962756,0.02415766523297183
dark-4,2d,2798.54,235.4168,216.42067498945238,18.996125010547615,303.89936522962756,0.0625079456687712
dark-4,2d,2800.469,234.153,216.76422720724432,17.388772792755674,303.89936522962756,0.05721885196968624
dark-4,2d,2802.397,218.2663,217.10760132642667,1.1586986735733262,303.89936522962756,0.003812770956917955
dark-4,2d,2804.326,219.2557,217.4511535442186,1.8045464557813773,303.89936522962756,0.005937973757917707
dark-4,2d,2806.254,233.0626,217.79452766340097,15.268072336599033,303.89936522962756,0.05024055356305999
dark-4,2d,2808.183,231.0974,218.1380798811929,12.959320118807085,303.89936522962756,0.042643458991811226
dark-4,2d,2810.111,217.4985,218.48145400037527,-0.9829540003752584,303.89936522962756,-0.0032344720418633795
dark-4,2d,2812.04,229.8309,218.82500621816723,11.005893781832782,303.89936522962756,0.036215586608799546
dark-4,2d,2813.968,244.4281,219.1683803373496,25.25971966265041,303.89936522962756,0.08311869833477298
dark-4,2d,2815.896,242.5558,219.51175445653203,23.044045543467973,303.89936522962756,0.07582788310879097
dark-4,2d,2817.825,234.3294,219.85530667432388,14.474093325676108,303.89936522962756,0.04762791562509328
dark-4,2d,2819.753,241.4308,220.19868079350633,21.232119206493678,303.89936522962756,0.06986562538704418
dark-4,2d,2821.682,224.0861,220.54223301129818,3.543866988701808,303.89936522962756,0.011661317508919598
dark-4,2d,2823.61,215.9478,220.88560713048062,-4.937807130480621,303.89936522962756,-0.016248165331801845
dark-4,2d,2825.539,218.622,221.22915934827256,-2.607159348272546,303.89936522962756,-0.008579022026921861
dark-4,2d,2827.467,219.2038,221.57253346745492,-2.3687334674549163,303.89936522962756,-0.0077944666507121264
dark-4,2d,2829.396,235.8382,221.91608568524686,13.922114314753145,303.89936522962756,0.04581159392759356
dark-4,2d,2831.324,241.7786,222.25945980442924,19.51914019557077,303.89936522962756,0.06422896007308877
dark-4,2d,2833.253,223.6309,222.60301202222115,1.027887977778846,303.89936522962756,0.003382330124323129
dark-4,2d,2835.181,237.1438,222.94638614140354,14.197413858596462,303.89936522962756,0.04671748441418705
dark-4,2d,2837.11,233.1755,223.28993835919545,9.885561640804553,303.89936522962756,0.0325290631434356
dark-4,2d,2839.038,238.3592,223.63331247837783,14.725887521622155,303.89936522962756,0.04845646028413128
dark-4,2d,2840.967,247.7113,223.97686469616977,23.734435303830224,303.89936522962756,0.07809965409403337
dark-4,2d,2842.895,236.1511,224.32023881535213,11.830861184647887,303.89936522962756,0.038930193801847666
dark-4,2d,2844.823,232.9488,224.66361293453448,8.285187065465522,303.89936522962756,0.027262929816273887
dark-4,2d,2846.752,241.4761,225.00716515232642,16.46893484767358,303.89936522962756,0.054192067282633476
dark-4,2d,2848.68,237.4075,225.35053927150878,12.05696072849122,303.89936522962756,0.03967418858996606
dark-5,dg,1101.49,67.29483,65.58474104824222,1.7100889517577826,228.07416776115082,0.0074979510768122684
dark-5,dg,1103.418,75.28775,65.5621279355046,9.725622064495397,228.07416776115082,0.042642365682905796
dark-5,dg,1105.347,81.05964,65.53950309397408,15.520136906025925,228.07416776115082,0.06804863987174245
dark-5,dg,1107.275,77.2597,65.51688998123646,11.742810018763535,228.07416776115082,0.05148680420073314
dark-5,dg,1109.203,68.98183,65.49427686849884,3.4875531315011585,228.07416776115082,0.015291311443711923
dark-5,dg,1111.132,70.13861,65.47165202696831,4.6669579730316855,228.07416776115082,0.020462457536704143
dark-5,dg,1113.06,62.70875,65.4490389142307,-2.740288914230696,228.07416776115082,-0.012014902613172947
dark-5,dg,1114.989,74.54568,65.42641407270017,9.119265927299836,228.07416776115082,0.039983773773318895
dark-5,dg,1116.917,80.16631,65.40380095996255,14.762509040037443,228.07416776115082,0.06472679122300858
dark-5,dg,1118.846,69.58147,65.38117611843202,4.200293881567973,228.07416776115082,0.01841635079851175
dark-5,dg,1120.774,61.42841,65.3585630056944,-3.9301530056944074,228.07416776115082,-0.017231907691581425
dark-5,dg,1122.703,54.29966,65.33593816416388,-11.036278164163875,228.07416776115082,-0.04838898798798444
dark-5,dg,1124.631,63.74465,65.31332505142626,-1.5686750514262613,228.07416776115082,-0.0068779163674031075
dark-5,dg,1126.56,79.75907,65.29070020989573,14.468369790104262,228.07416776115082,0.06343712631785713
dark-5,dg,1128.488,64.34424,65.26808709715812,-0.9238470971581165,228.07416776115082,-0.004050643289535575
dark-5,dg,1130.417,62.72831,65.2454622556276,-2.5171522556276003,228.07416776115082,-0.0110365513128329
dark-5,dg,1132.345,69.35242,65.22284914288998,4.129570857110011,228.07416776115082,0.018106262965451998
dark-5,dg,1134.274,75.41761,65.20022430135946,10.217385698640541,228.07416776115082,0.044798522335684376
dark-5,dg,1136.202,81.48469,65.17761118862184,16.30707881137816,228.07416776115082,0.07149901705858966
dark-5,dg,1138.13,83.64239,65.15499807588422,18.487391924115784,228.07416776115082,0.08105868413592802
dark-5,dg,1140.059,74.00549,65.1323732343537,8.873116765646301,228.07416776115082,0.03890452326428574
dark-5,dg,1141.987,67.89199,65.10976012161608,2.78222987838393,228.07416776115082,0.012198794390856233
dark-5,dg,1143.916,76.02844,65.08713528008555,10.941304719914456,228.07416776115082,0.04797257325245473
dark-5,dg,1145.844,78.36735,65.06452216734793,13.30282783265207,228.07416776115082,0.05832676257568709
dark-5,dg,1147.773,75.15022,65.0418973258174,10.108322674182602,228.07416776115082,0.04432033129139148
dark-5,dg,1149.701,70.06248,65.01928421307979,5.043195786920208,228.07416776115082,0.02211208676732589
dark-5,dg,1151.63,66.78062,64.99665937154926,1.7839606284507425,228.07416776115082,0.007821844297241868
dark-5,dg,1153.558,71.06934,64.97404625881164,6.095293741188357,228.07416776115082,0.026725050894723042
dark-5,dg,1155.487,82.28371,64.95142141728111,17.33228858271889,228.07416776115082,0.07599408890913947
dark-5,dg,1157.415,69.92731,64.9288083045435,4.998501695456511,228.07416776115082,0.02191612379658515
dark-5,dg,1159.344,67.76004,64.90618346301297,2.8538565369870383,228.07416776115082,0.012512844242736515
dark-5,dg,1161.272,78.60566,64.88357035027535,13.722089649724651,228.07416776115082,0.06016503221046506
dark-5,dg,1163.201,89.87769,64.86094550874482,25.01674449125518,228.07416776115082,0.10968688272252648
dark-5,dg,1165.129,90.44273,64.83833239600722,25.60439760399278,228.07416776115082,0.11226347049880203
dark-5,dg,1167.057,85.94795,64.8157192832696,21.132230716730405,228.07416776115082,0.09265508200324113
dark-5,dg,1168.986,83.95287,64.79309444173907,19.159775558260932,228.07416776115082,0.0840067761568065
dark-5,dg,1170.914,83.51354,64.77048132900146,18.74305867099855,228.07416776115082,0.08217966486510254
dark-5,dg,1172.843,82.11308,64.74785648747093,17.36522351252907,228.07416776115082,0.07613849338130518
dark-5,dg,1174.771,81.26292,64.72524337473331,16.537676625266684,228.07416776115082,0.07251008208253404
dark-5,dg,1176.7,75.82571,64.70261853320278,11.12309146679722,228.07416776115082,0.04876962426733836
dark-5,dg,1178.628,80.94922,64.68000542046516,16.269214579534832,228.07416776115082,0.07133299987122023
dark-5,dg,1180.557,75.30025,64.65738057893464,10.64286942106537,228.07416776115082,0.0466640721548573
dark-5,dg,1182.485,84.63503,64.63476746619702,20.00026253380298,228.07416776115082,0.08769192377256912
dark-5,dg,1184.414,83.58974,64.61214262466649,18.977597375333517,228.07416776115082,0.08320800887546231
dark-5,dg,1186.342,73.60824,64.58952951192887,9.018710488071122,228.07416776115082,0.03954288456514684
dark-5,dg,1188.271,87.10252,64.56690467039834,22.535615329601654,228.07416776115082,0.09880827605694446
dark-5,dg,1190.199,82.83649,64.54429155766073,18.29219844233927,228.07416776115082,0.08020285077394497
dark-5,dg,1192.128,94.13792,64.5216667161302,29.616253283869796,228.07416776115082,0.12985360672185034
dark-5,dg,1194.056,83.80615,64.49905360339258,19.30709639660742,228.07416776115082,0.08465271006415181
dark-5,dg,1195.984,77.49409,64.47644049065497,13.017649509345034,228.07416776115082,0.057076387199525735
dark-5,dg,1197.913,81.34953,64.45381564912444,16.895714350875565,228.07416776115082,0.07407991232294879
dark-5,dg,1199.841,85.30517,64.43120253638683,20.87396746361317,228.07416776115082,0.09152271679216778
dark-5,dg,1201.77,85.89631,64.4085776948563,21.487732305143695,228.07416776115082,0.09421379245214032
dark-5,dg,1203.698,86.90836,64.38596458211869,22.522395417881313,228.07416776115082,0.0987503128432666
dark-5,dg,1205.627,89.63367,64.36333974058816,25.270330259411836,228.07416776115082,0.11079873932007953
dark-5,dg,1207.555,90.37012,64.34072662785054,26.029393372149457,228.07416776115082,0.11412688086363454
dark-5,dg,1209.484,91.65395,64.31810178632001,27.33584821367998,228.07416776115082,0.1198550825900953
dark-5,dg,1211.412,90.15391,64.2954886735824,25.8584213264176,228.07416776115082,0.11337724732376382
dark-5,dg,1213.341,81.78316,64.27286383205187,17.510296167948127,228.07416776115082,0.07677457004374853
dark-5,dg,1215.269,90.61929,64.25025071931425,26.369039280685755,228.07416776115082,0.11561607147154236
dark-5,dg,1217.198,94.16629,64.22762587778372,29.93866412221628,228.07416776115082,0.13126722949864866
dark-5,dg,1219.126,88.38824,64.2050127650461,24.18322723495389,228.07416776115082,0.10603229411004414
dark-5,dg,1221.055,88.53107,64.18238792351558,24.348682076484423,228.07416776115082,0.10675773725494166
dark-5,dg,1222.983,98.56406,64.15977481077796,34.40428518922204,228.07416776115082,0.15084691759240224
dark-5,dg,1224.911,102.227,64.13716169804034,38.08983830195966,228.07416776115082,0.16700636760340606
dark-5,dg,1226.84,96.87807,64.11453685650982,32.76353314349018,228.07416776115082,0.14365297685883294
dark-5,dg,1228.768,90.68839,64.0919237437722,26.5964662562278,228.07416776115082,0.11661323383225397
dark-5,dg,1230.697,94.02271,64.06929890224167,29.953411097758334,228.07416776115082,0.13133188818264963
dark-5,dg,1232.625,100.8131,64.04668578950405,36.76641421049595,228.07416776115082,0.16120376354502075
dark-5,dg,1234.554,107.4418,64.02406094797352,43.41773905202648,228.07416776115082,0.19036675428098204
dark-5,dg,1236.482,113.0021,64.00144783523592,49.00065216476408,228.07416776115082,0.21484525251487355
dark-5,dg,1238.411,114.5643,63.978822993705386,50.58547700629462,228.07416776115082,0.22179397826092223
dark-5,dg,1240.339,114.0669,63.95620988096777,50.110690119032235,228.07416776115082,0.21971225681073328
dark-5,dg,1242.268,117.2454,63.93358503943724,53.311814960562764,228.07416776115082,0.23374771235115593
dark-5,dg,1244.196,112.6676,63.91097192669963,48.75662807330036,228.07416776115082,0.21377531945818792
dark-5,dg,1246.125,109.795,63.8883470851691,45.9066529148309,228.07416776115082,0.20127949326951547
dark-5,dg,1248.053,98.67902,63.865733972431485,34.81328602756851,228.07416776115082,0.1526401975695314
dark-5,dg,1249.982,111.6267,63.843109130900956,47.783590869099044,228.07416776115082,0.20950900024390354
dark-5,dg,1251.91,108.6388,63.82049601816334,44.818303981836664,228.07416776115082,0.1965075853253681
dark-5,dg,1253.839,109.6381,63.79787117663281,45.840228823367184,228.07416776115082,0.20098825427425462
dark-5,dg,1255.767,110.6977,63.775258063895194,46.9224419361048,228.07416776115082,0.20573325947743465
dark-5,dg,1257.695,106.8558,63.75264495115758,43.103155048842424,228.07416776115082,0.18898744856533653
dark-5,dg,1259.624,115.5493,63.73002010962705,51.819279890372954,228.07416776115082,0.22720363467308738
dark-5,dg,1261.552,130.6356,63.70740699688944,66.92819300311058,228.07416776115082,0.29344924793587623
dark-5,dg,1263.481,140.0873,63.68478215535891,76.4025178446411,228.07416776115082,0.33498979123603834
dark-5,dg,1265.409,136.2074,63.662169042621294,72.54523095737872,228.07416776115082,0.31807736785584256
dark-5,dg,1267.338,125.7321,63.639544201090764,62.09255579890924,228.07416776115082,0.2722472097933303
dark-5,dg,1269.266,126.3381,63.61693108835315,62.72116891164685,228.07416776115082,0.2750033882720606
dark-5,dg,1271.195,136.826,63.59430624682262,73.23169375317738,228.07416776115082,0.3210871905049273
dark-5,dg,1273.123,136.9855,63.571693134085,73.413806865915,228.07416776115082,0.3218856724835104
dark-5,dg,1275.052,133.5506,63.54906829255447,70.00153170744554,228.07416776115082,0.3069244202208563
dark-5,dg,1276.98,136.34,63.52645517981686,72.81354482018315,228.07416776115082,0.3192538003533862
dark-5,dg,1278.909,134.5807,63.50383033828633,71.07686966171369,228.07416776115082,0.3116392810261111
dark-5,dg,1280.837,142.6057,63.48121722554872,79.1244827744513,228.07416776115082,0.3469243516315881
dark-5,dg,1282.766,158.1655,63.45859238401819,94.70690761598182,228.07416776115082,0.4152460953629918
dark-5,dg,1284.694,157.6923,63.43597927128057,94.25632072871942,228.07416776115082,0.4132704797477491
dark-5,dg,1286.622,144.9951,63.413366158542956,81.58173384145705,228.07416776115082,0.3576982638686771
dark-5,dg,1288.551,147.5271,63.39074131701243,84.13635868298756,228.07416776115082,0.36889911518212276
dark-5,dg,1290.479,148.6841,63.36812820427481,85.31597179572519,228.07416776115082,0.3740711744482689
dark-5,dg,1292.408,168.4242,63.34550336274428,105.07869663725573,228.07416776115082,0.46072160503200305
dark-5,dg,1294.336,198.5712,63.322890250006665,135.24830974999333,228.07416776115082,0.59300143930211
dark-5,dg,1296.265,203.2076,63.300265408476136,139.90733459152386,228.07416776115082,0.6134291137172576
dark-5,dg,1298.193,188.6063,63.27765229573853,125.32864770426147,228.07416776115082,0.5495082978249035
dark-5,dg,1300.122,193.606,63.255027454208,130.350972545792,228.07416776115082,0.571528875125837
dark-5,dg,1302.05,203.863,63.23241434147038,140.6305856585296,228.07416776115082,0.6166002359627333
dark-5,dg,1303.979,208.9411,63.20978949993985,145.73131050006015,228.07416776115082,0.6389645610925841
dark-5,dg,1305.907,213.7398,63.187176387202236,150.55262361279776,228.07416776115082,0.6601037947027083
dark-5,dg,1307.836,226.63,63.164551545671706,163.46544845432828,228.07416776115082,0.7167205740963896
dark-5,dg,1309.764,236.5603,63.14193843293409,173.41836156706592,228.07416776115082,0.7603595061615095
dark-5,dg,1311.693,234.0135,63.11931359140356,170.89418640859643,228.07416776115082,0.7492921626598426
dark-5,dg,1313.621,237.3681,63.096700478665944,174.27139952133405,228.07416776115082,0.764099684028393
dark-5,dg,1315.549,254.2377,63.074087365928335,191.16361263407165,228.07416776115082,0.8381642450374586
dark-5,dg,1317.478,260.8785,63.051462524397806,197.82703747560217,228.07416776115082,0.867380288690893
dark-5,dg,1319.406,269.2256,63.02884941166019,206.1967505883398,228.07416776115082,0.9040776191904293
dark-5,dg,1321.335,279.142,63.00622457012966,216.13577542987034,228.07416776115082,0.9476556575938803
dark-5,dg,1323.263,296.7352,62.983611457392044,233.75158854260798,228.07416776115082,1.0248928707586156
dark-5,dg,1325.192,298.9786,62.960986615861515,236.01761338413846,228.07416776115082,1.034828344222246
dark-5,dg,1327.12,294.2598,62.9383735031239,231.3214264968761,228.07416776115082,1.0142377313818631
dark-5,dg,1329.049,299.2364,62.91574866159337,236.32065133840663,228.07416776115082,1.036157025840348
dark-5,dg,1330.977,307.1693,62.89313554885575,244.27616445114427,228.07416776115082,1.0710382804376202
dark-5,dg,1332.906,309.2616,62.87051070732523,246.39108929267476,228.07416776115082,1.0803112501136307
dark-5,dg,1334.834,310.8783,62.847897594587614,248.03040240541242,228.07416776115082,1.087498881789895
dark-5,dg,1336.763,315.3344,62.825272753057085,252.50912724694294,228.07416776115082,1.1071360238893055
dark-5,dg,1338.691,313.2349,62.80265964031947,250.43224035968052,228.07416776115082,1.0980298330933473
dark-5,dg,1340.62,334.6759,62.78003479878894,271.89586520121105,228.07416776115082,1.1921379254399043
dark-5,dg,1342.548,303.685,62.75742168605132,240.9275783139487,228.07416776115082,1.0563562751493125
dark-5,dg,1344.476,310.2881,62.73480857331371,247.5532914266863,228.07416776115082,1.085406970270894
dark-5,dg,1346.405,296.8558,62.71218373178318,234.14361626821682,228.07416776115082,1.026611731467205
dark-5,dg,1348.333,289.7394,62.68957061904556,227.04982938095444,228.07416776115082,0.995508748797588
dark-5,dg,1350.262,300.2716,62.66694577751504,237.60465422248495,228.07416776115082,1.0417867860919474
dark-5,dg,1352.19,288.7458,62.64433266477742,226.10146733522254,228.07416776115082,0.9913506187689165
dark-5,dg,1354.119,255.5303,62.621707823246894,192.90859217675313,228.07416776115082,0.8458151752581441
dark-5,dg,1356.047,244.1333,62.59909471050928,181.53420528949073,228.07416776115082,0.7959437365111915
dark-5,dg,1357.976,250.9627,62.57646986897875,188.38623013102125,228.07416776115082,0.8259867041510264
dark-5,dg,1359.904,250.9229,62.55385675624113,188.36904324375888,228.07416776115082,0.8259113475798238
dark-5,dg,1361.833,236.4326,62.5312319147106,173.9013680852894,228.07416776115082,0.7624772669012059
dark-5,dg,1363.761,222.1381,62.508618801972986,159.629481198027,228.07416776115082,0.6999016274618085
dark-5,dg,1365.69,227.7165,62.48599396044246,165.23050603955755,228.07416776115082,0.724459537270324
dark-5,dg,1367.618,207.8026,62.46338084770485,145.33921915229516,228.07416776115082,0.6372454214301932
dark-5,dg,1369.547,204.1112,62.44075600617431,141.6704439938257,228.07416776115082,0.6211595350078802
dark-5,dg,1371.475,215.3974,62.4181428934367,152.9792571065633,228.07416776115082,0.6707434630070417
dark-5,dg,1373.403,212.0397,62.395529780699086,149.64417021930092,228.07416776115082,0.6561206457015982
dark-5,dg,1375.332,190.1445,62.372904939168556,127.77159506083143,228.07416776115082,0.5602194948909751
dark-5,dg,1377.26,176.1747,62.35029182643094,113.82440817356905,228.07416776115082,0.4990675151460858
dark-5,dg,1379.189,183.8187,62.32766698490041,121.49103301509959,228.07416776115082,0.532682127957298
dark-5,dg,1381.117,185.0001,62.305053872162794,122.6950461278372,228.07416776115082,0.5379611699661173
dark-5,dg,1383.046,164.1318,62.282429030632265,101.84937096936773,228.07416776115082,0.4465625018789011
dark-5,dg,1384.974,170.3585,62.259815917894656,108.09868408210534,228.07416776115082,0.4739628566585891
dark-5,dg,1386.903,172.7235,62.23719107636413,110.48630892363587,228.07416776115082,0.48443149002013214
dark-5,dg,1388.831,162.0755,62.21457796362651,99.8609220363735,228.07416776115082,0.43784407071015685
dark-5,dg,1390.76,153.4542,62.19195312209598,91.262246877904,228.07416776115082,0.4001428472753556
dark-5,dg,1392.688,148.9837,62.169340009358365,86.81435999064163,228.07416776115082,0.38064091537783185
dark-5,dg,1394.617,145.6571,62.146715167827836,83.51038483217218,228.07416776115082,0.3661545086492561
dark-5,dg,1396.545,143.4516,62.12410205509022,81.3274979449098,228.07416776115082,0.3565835567580783
dark-5,dg,1398.474,138.0791,62.10147721355969,75.97762278644032,228.07416776115082,0.3331268224378983
dark-5,dg,1400.402,124.8863,62.078864100822074,62.80743589917793,228.07416776115082,0.27538162921174225
dark-5,dg,1402.33,124.6531,62.056250988084464,62.59684901191553,228.07416776115082,0.2744583028686952
dark-5,dg,1404.259,129.2009,62.033626146553935,67.16727385344606,228.07416776115082,0.2944975071608572
dark-5,dg,1406.187,124.7411,62.01101303381632,62.730086966183684,228.07416776115082,0.2750424898267188
dark-5,dg,1408.116,132.7834,61.98838819228579,70.79501180771422,228.07416776115082,0.31040346437591226
dark-5,dg,1410.044,136.5217,61.96577507954817,74.55592492045184,228.07416776115082,0.32689333321838554
dark-5,dg,1411.973,136.5461,61.943150238017644,74.60294976198236,228.07416776115082,0.3270995154528408
dark-5,dg,1413.901,124.3973,61.92053712528003,62.476762874719974,228.07416776115082,0.27393178056073564
dark-5,dg,1415.83,108.9036,61.8979122837495,47.0056877162505,228.07416776115082,0.20609825381661329
dark-5,dg,1417.758,106.946,61.87529917101188,45.070700828988116,228.07416776115082,0.19761422905284087
dark-5,dg,1419.687,120.6548,61.85267432948136,58.802125670518635,228.07416776115082,0.257820191772436
dark-5,dg,1421.615,137.2111,61.830061216743744,75.38103878325624,228.07416776115082,0.33051107682742287
dark-5,dg,1423.544,134.343,61.80743637521321,72.53556362478679,228.07416776115082,0.3180349810626041
dark-5,dg,1425.472,115.4637,61.7848232624756,53.678876737524405,228.07416776115082,0.2353571088933634
dark-5,dg,1427.401,119.8928,61.76219842094507,58.130601579054925,228.07416776115082,0.25487586844965193
dark-5,dg,1429.329,120.7988,61.73958530820745,59.05921469179255,228.07416776115082,0.2589474085186268
dark-5,dg,1431.257,119.2905,61.716972195469836,57.57352780453016,228.07416776115082,0.25243335696317726
dark-5,dg,1433.186,120.2034,61.69434735393931,58.509052646060695,228.07416776115082,0.2565352017740734
dark-5,dg,1435.114,129.7974,61.67173424120169,68.12566575879832,228.07416776115082,0.29869961349652924
dark-5,dg,1437.043,125.6161,61.64910939967117,63.966990600328835,228.07416776115082,0.2804657415973467
dark-5,dg,1438.971,111.1712,61.62649628693355,49.54470371306645,228.07416776115082,0.21723066754737352
dark-5,dg,1440.9,104.8783,61.603871445403016,43.27442855459698,228.07416776115082,0.1897384038683234
dark-5,dg,1442.828,100.963,61.581258332665406,39.38174166733459,228.07416776115082,0.17267076782047872
dark-5,dg,1444.757,103.8168,61.55863349113488,42.25816650886512,228.07416776115082,0.18528256366639342
dark-5,dg,1446.685,114.0419,61.53602037839726,52.50587962160274,228.07416776115082,0.23021405772086023
dark-5,dg,1448.614,117.8039,61.51339553686673,56.29050446313327,228.07416776115082,0.24680789155430846
dark-5,dg,1450.542,115.6989,61.490782424129115,54.20811757587088,228.07416776115082,0.2376775857958626
dark-5,dg,1452.471,117.1887,61.468157582598586,55.72054241740141,228.07416776115082,0.24430887094479892
dark-5,dg,1454.399,117.993,61.44554446986098,56.54745553013902,228.07416776115082,0.24793450343468082
dark-5,dg,1456.328,114.1572,61.42291962833045,52.734280371669556,228.07416776115082,0.23121548963359667
dark-5,dg,1458.256,114.4591,61.400306515592824,53.05879348440718,228.07416776115082,0.23263832991368255
dark-5,dg,1460.184,111.6705,61.377693402855215,50.29280659714479,228.07416776115082,0.22051075354493282
dark-5,dg,1462.113,104.8376,61.355068561324686,43.48253143867531,228.07416776115082,0.19065083900344254
dark-5,dg,1464.041,101.0361,61.33245544858707,39.703644551412935,228.07416776115082,0.174082163452164
dark-5,dg,1465.97,102.5872,61.30983060705654,41.277369392943456,228.07416776115082,0.1809822208193736
dark-5,dg,1467.898,118.8375,61.287217494318924,57.55028250568108,228.07416776115082,0.25233143705231115
dark-5,dg,1469.827,115.5524,61.264592652788394,54.28780734721161,228.07416776115082,0.23802698867705246
dark-5,dg,1471.755,113.9324,61.24197954005078,52.69042045994922,228.07416776115082,0.23102318415616854
dark-5,dg,1473.684,91.36233,61.219354698520256,30.142975301479744,228.07416776115082,0.13216303975751773
dark-5,dg,1475.612,116.237,61.19674158578263,55.04025841421736,228.07416776115082,0.24132613945064535
dark-5,dg,1477.541,123.5648,61.17411674425211,62.390683255747895,228.07416776115082,0.2735543611457398
dark-5,dg,1479.469,109.2665,61.151503631514494,48.1149963684855,228.07416776115082,0.2109620604595327
dark-5,dg,1481.398,108.551,61.128878789983965,47.42212121001604,228.07416776115082,0.20792412255858167
dark-5,dg,1483.326,118.9047,61.10626567724635,57.79843432275366,228.07416776115082,0.2534194682814
dark-5,dg,1485.255,118.4494,61.08364083571582,57.36575916428418,228.07416776115082,0.25152238733305426
dark-5,dg,1487.183,111.1406,61.0610277229782,50.0795722770218,228.07416776115082,0.21957581943022722
dark-5,dg,1489.111,109.801,61.03841461024059,48.762585389759415,228.07416776115082,0.2138014395423585
dark-5,dg,1491.04,105.9863,61.015789768710064,44.970510231289936,228.07416776115082,0.1971749395064548
dark-5,dg,1492.968,115.8665,60.99317665597245,54.873323344027554,228.07416776115082,0.24059420618600386
dark-5,dg,1494.897,110.1368,60.97055181444192,49.166248185558075,228.07416776115082,0.21557131466570606
dark-5,dg,1496.825,116.2527,60.9479387017043,55.3047612982957,228.07416776115082,0.24248586256473048
dark-5,dg,1498.754,128.839,60.92531386017377,67.91368613982623,228.07416776115082,0.29777018066749406
dark-5,dg,1500.682,118.23,60.90270074743616,57.32729925256385,228.07416776115082,0.25135375836425056
dark-5,dg,1502.611,125.4793,60.88007590590563,64.59922409409437,228.07416776115082,0.28323779377656433
dark-5,dg,1504.539,130.8549,60.85746279316801,69.99743720683198,228.07416776115082,0.3069064677247286
dark-5,dg,1506.468,124.6463,60.83483795163748,63.811462048362515,228.07416776115082,0.27978382065253726
dark-5,dg,1508.396,124.3933,60.81222483889987,63.581075161100124,228.07416776115082,0.2787736804445341
dark-5,dg,1510.325,131.9274,60.789599997369336,71.13780000263067,228.07416776115082,0.31190643245985344
dark-5,dg,1512.253,133.5697,60.76698688463173,72.80271311536828,228.07416776115082,0.3192063083251517
dark-5,dg,1514.182,135.2371,60.7443620431012,74.4927379568988,228.07416776115082,0.3266162875355127
dark-5,dg,1516.11,144.3196,60.72174893036358,83.59785106963642,228.07416776115082,0.3665380077466016
dark-5,dg,1518.038,142.9454,60.699135817625965,82.24626418237403,228.07416776115082,0.3606119228219914
dark-5,dg,1519.967,141.4785,60.676510976095436,80.80198902390455,228.07416776115082,0.3542794425913412
dark-5,dg,1521.895,145.9098,60.65389786335782,85.25590213664216,228.07416776115082,0.3738077967072792
dark-5,dg,1523.824,141.5532,60.63127302182729,80.9219269781727,228.07416776115082,0.35480531518553066
dark-5,dg,1525.752,133.2389,60.60865990908968,72.63024009091032,228.07416776115082,0.31845009368606736
dark-5,dg,1527.681,166.1475,60.586035067559145,105.56146493244086,228.07416776115082,0.46283832127358415
dark-5,dg,1529.609,161.6666,60.563421954821536,101.10317804517845,228.07416776115082,0.44329079017426515
dark-5,dg,1531.538,148.6521,60.540797113291006,88.11130288670898,228.07416776115082,0.3863274116119234
dark-5,dg,1533.466,157.4842,60.51818400055339,96.9660159994466,228.07416776115082,0.42515124334902155
dark-5,dg,1535.395,174.736,60.49555915902286,114.24044084097713,228.07416776115082,0.5008916264494043
dark-5,dg,1537.323,185.618,60.472946046285244,125.14505395371475,228.07416776115082,0.5487033239326432
dark-5,dg,1539.252,182.0645,60.450321204754715,121.6141787952453,228.07416776115082,0.5332220653879792
dark-5,dg,1541.18,183.9789,60.4277080920171,123.55119190798291,228.07416776115082,0.5417149742156292
dark-5,dg,1543.109,189.6332,60.40508325048657,129.22811674951342,228.07416776115082,0.5666056705064763
dark-5,dg,1545.037,204.6771,60.38247013774895,144.29462986225104,228.07416776115082,0.6326653793311773
dark-5,dg,1546.965,228.0155,60.359857025011344,167.65564297498867,228.07416776115082,0.7350926438568218
dark-5,dg,1548.894,211.8118,60.337232183480815,151.4745678165192,228.07416776115082,0.6641460946824541
dark-5,dg,1550.822,218.0401,60.3146190707432,157.7254809292568,228.07416776115082,0.6915534647239567
dark-5,dg,1552.751,232.9861,60.29199422921267,172.69410577078733,228.07416776115082,0.7571839786417202
dark-5,dg,1554.679,244.9824,60.26938111647505,184.71301888352497,228.07416776115082,0.8098813675249907
dark-5,dg,1556.608,242.1357,60.246756274944524,181.8889437250555,228.07416776115082,0.7974991008869426
dark-5,dg,1558.536,251.6677,60.22414316220691,191.4435568377931,228.07416776115082,0.8393916712140812
dark-5,dg,1560.465,273.806,60.201518320676385,213.6044816793236,228.07416776115082,0.9365571023502298
dark-5,dg,1562.393,279.0413,60.17890520793877,218.8623947920612,228.07416776115082,0.959610625528023
dark-5,dg,1564.322,270.5906,60.15628036640824,210.43431963359177,228.07416776115082,0.9226574043842077
dark-5,dg,1566.25,270.3588,60.13366725367062,210.22513274632934,228.07416776115082,0.9217402163952484
dark-5,dg,1568.179,277.8518,60.111042412140094,217.74075758785995,228.07416776115082,0.9546927638727045
dark-5,dg,1570.107,283.6093,60.08842929940248,223.52087070059753,228.07416776115082,0.98003589312525
dark-5,dg,1572.036,289.7094,60.06580445787195,229.64359554212808,228.07416776115082,1.0068812167392005
dark-5,dg,1573.964,284.0797,60.04319134513433,224.03650865486566,228.07416776115082,0.9822967276569717
dark-5,dg,1575.892,282.0539,60.020578232396716,222.0333217676033,228.07416776115082,0.9735136773583506
dark-5,dg,1577.821,303.2375,59.99795339086619,243.2395466091338,228.07416776115082,1.0664931894604777
dark-5,dg,1579.749,287.0961,59.97534027812857,227.12075972187142,228.07416776115082,0.9958197456176718
dark-5,dg,1581.678,290.0764,59.95271543659804,230.12368456340192,228.07416776115082,1.0089861856008062
dark-5,dg,1583.606,294.3753,59.93010232386043,234.44519767613954,228.07416776115082,1.027934026801583
dark-5,dg,1585.535,278.6433,59.9074774823299,218.7358225176701,228.07416776115082,0.9590556645009433
dark-5,dg,1587.463,262.2472,59.884864369592286,202.36233563040773,228.07416776115082,0.8872654786680197
dark-5,dg,1589.392,255.0244,59.86223952806176,195.16216047193825,228.07416776115082,0.8556960325130751
dark-5,dg,1591.32,250.8763,59.83962641532414,191.03667358467584,228.07416776115082,0.8376076758712006
dark-5,dg,1593.249,254.6596,59.81700157379361,194.8425984262064,228.07416776115082,0.8542949003775563
dark-5,dg,1595.177,254.4444,59.794388461056,194.650011538944,228.07416776115082,0.8534504957299239
dark-5,dg,1597.106,248.1291,59.771763619525466,188.35733638047452,228.07416776115082,0.8258600183854689
dark-5,dg,1599.034,233.1026,59.74915050678785,173.35344949321214,228.07416776115082,0.7600748966658749
dark-5,dg,1600.963,220.3131,59.72652566525733,160.58657433474266,228.07416776115082,0.7040980392962166
dark-5,dg,1602.891,222.9474,59.70391255251971,163.24348744748028,228.07416776115082,0.71574737748659
dark-5,dg,1604.819,226.3549,59.681299439782094,166.6736005602179,228.07416776115082,0.730786840948887
dark-5,dg,1606.748,211.6742,59.658674598251565,152.01552540174845,228.07416776115082,0.6665179441143274
dark-5,dg,1608.676,195.0889,59.63606148551395,135.45283851448605,228.07416776115082,0.593898203571823
dark-5,dg,1610.605,192.8699,59.61343664398342,133.25646335601658,228.07416776115082,0.5842681118344298
dark-5,dg,1612.533,193.6026,59.59082353124581,134.0117764687542,228.07416776115082,0.5875798113581068
dark-5,dg,1614.462,183.1834,59.568198689715274,123.61520131028473,228.07416776115082,0.5419956259129703
dark-5,dg,1616.39,174.2936,59.54558557697766,114.74801442302234,228.07416776115082,0.5031171024295547
dark-5,dg,1618.319,169.5491,59.522960735447136,110.02613926455288,228.07416776115082,0.4824138583716199
dark-5,dg,1620.247,155.2161,59.50034762270952,95.7157523772905,228.07416776115082,0.41966941419480785
dark-5,dg,1622.176,152.8609,59.47772278117899,93.383177218821,228.07416776115082,0.4094421482954436
dark-5,dg,1624.104,156.8466,59.455109668441374,97.39149033155863,228.07416776115082,0.42701675199600525
dark-5,dg,1626.033,134.686,59.432484826910844,75.25351517308917,228.07416776115082,0.3299519446318792
dark-5,dg,1627.961,129.1961,59.40987171417323,69.78622828582678,228.07416776115082,0.3059804140507046
dark-5,dg,1629.89,127.3444,59.3872468726427,67.95715312735729,228.07416776115082,0.29796076335363403
dark-5,dg,1631.818,118.5598,59.36463375990509,59.195166240094906,228.07416776115082,0.2595434933345308
dark-5,dg,1633.746,112.5759,59.342020647167466,53.23387935283254,228.07416776115082,0.23340600066808692
dark-5,dg,1635.675,110.2941,59.319395805636944,50.974704194363056,228.07416776115082,0.22350055990446924
dark-5,dg,1637.603,114.4266,59.29678269289933,55.129817307100666,228.07416776115082,0.24171881387652375
dark-5,dg,1639.532,114.2294,59.2741578513688,54.9552421486312,228.07416776115082,0.2409533823496518
dark-5,dg,1641.46,100.8118,59.25154473863118,41.56025526136882,228.07416776115082,0.18222254483853922
dark-5,dg,1643.389,89.91707,59.22891989710065,30.688150102899343,228.07416776115082,0.1345533797367061
dark-5,dg,1645.317,94.45421,59.206306784363036,35.24790321563697,228.07416776115082,0.15454579342168248
dark-5,dg,1647.246,95.72761,59.18368194283251,36.54392805716749,228.07416776115082,0.16022826441018906
dark-5,dg,1649.174,91.48611,59.16106883009489,32.325041169905106,228.07416776115082,0.14173039185988523
dark-5,dg,1651.103,102.6025,59.13844398856436,43.464056011435645,228.07416776115082,0.19056983277892783
dark-5,dg,1653.031,92.1003,59.11583087582675,32.98446912417325,228.07416776115082,0.14462167920181132
dark-5,dg,1654.96,85.55056,59.09320603429622,26.45735396570378,228.07416776115082,0.11600329061996653
dark-5,dg,1656.888,95.64117,59.07059292155861,36.570577078441396,228.07416776115082,0.16034510807352673
dark-5,dg,1658.817,94.46674,59.04796808002808,35.418771919971924,228.07416776115082,0.15529497385720598
dark-5,dg,1660.745,87.60495,59.02535496729046,28.57959503270954,228.07416776115082,0.12530833856922952
dark-5,dg,1662.673,84.58688,59.002741854552845,25.58413814544715,228.07416776115082,0.11217464212010178
dark-5,dg,1664.602,80.82119,58.980117013022316,21.841072986977686,228.07416776115082,0.09576302832265778
dark-5,dg,1666.53,82.95547,58.957503900284706,23.9979660997153,228.07416776115082,0.10522000950518436
dark-5,dg,1668.459,85.35305,58.93487905875417,26.418170941245826,228.07416776115082,0.11583149113542786
dark-5,dg,1670.387,80.27153,58.91226594601656,21.359264053983438,228.07416776115082,0.09365051844166669
dark-5,dg,1672.316,87.73096,58.88964110448603,28.841318895513965,228.07416776115082,0.12645587695717406
dark-5,dg,1674.244,89.27806,58.867027991748415,30.41103200825158,228.07416776115082,0.13333834474450143
dark-5,dg,1676.173,81.29948,58.844403150217886,22.455076849782117,228.07416776115082,0.09845515198064013
dark-5,dg,1678.101,76.52317,58.82179003748027,17.701379962519724,228.07416776115082,0.07761238432340736
dark-5,dg,1680.03,72.37082,58.79916519594974,13.571654804050254,228.07416776115082,0.05950544481768352
dark-5,dg,1681.958,74.14486,58.776552083212124,15.36830791678787,228.07416776115082,0.06738293980264451
dark-5,dg,1683.887,76.44119,58.753927241681595,17.68726275831841,228.07416776115082,0.07755048689618055
dark-5,dg,1685.815,82.03003,58.73131412894398,23.298715871056018,228.07416776115082,0.10215411986269066
dark-5,dg,1687.744,74.43056,58.708689287413456,15.721870712586544,228.07416776115082,0.0689331495404213
dark-5,dg,1689.672,72.51509,58.68607617467584,13.82901382532416,228.07416776115082,0.06063384538930557
dark-5,dg,1691.6,75.38414,58.663463061938224,16.72067693806178,228.07416776115082,0.07331245402404536
dark-5,dg,1693.529,71.69942,58.640838220407694,13.05858177959231,228.07416776115082,0.05725585631980831
dark-5,dg,1695.457,72.8563,58.61822510767008,14.238074892329927,228.07416776115082,0.06242738944131831
dark-5,dg,1697.386,70.27731,58.59560026613955,11.681709733860451,228.07416776115082,0.0512189076410181
dark-5,dg,1699.314,67.21358,58.57298715340193,8.64059284659806,228.07416776115082,0.03788501315785515
dark-5,dg,1701.243,77.05947,58.5503623118714,18.5091076881286,228.07416776115082,0.08115389774221228
dark-5,dg,1703.171,87.80119,58.52774919913379,29.27344080086622,228.07416776115082,0.12835053214585282
dark-5,dg,1705.1,85.95998,58.505124357603265,27.454855642396737,228.07416776115082,0.12037687525905456
dark-5,dg,1707.028,66.16644,58.48251124486565,7.683928755134346,228.07416776115082,0.03369048248893005
dark-5,dg,1708.957,56.62439,58.45988640333512,-1.8354964033351209,228.07416776115082,-0.008047804893263196
dark-5,dg,1710.885,67.12523,58.4372732905975,8.6879567094025,228.07416776115082,0.03809268184418371
dark-5,dg,1712.814,73.1366,58.41464844906697,14.721951550933028,228.07416776115082,0.06454896534512622
dark-5,dg,1714.742,72.41106,58.39203533632936,14.019024663670649,228.07416776115082,0.06146695525094267
dark-5,dg,1716.671,68.85761,58.36941049479883,10.488199505201166,228.07416776115082,0.04598591593321022
dark-5,dg,1718.599,63.22857,58.34679738206121,4.881772617938786,228.07416776115082,0.021404320646480186
dark-5,dg,1720.527,72.21287,58.324184269323595,13.8886857306764,228.07416776115082,0.06089547916369571
dark-5,dg,1722.456,77.45225,58.30155942779307,19.150690572206933,228.07416776115082,0.08396694268446205
dark-5,dg,1724.384,63.91021,58.27894631505546,5.6312636849445425,228.07416776115082,0.024690493185716002
dark-5,dg,1726.313,73.52104,58.25632147352493,15.264718526475072,228.07416776115082,0.06692874811873017
dark-5,dg,1728.241,74.19167,58.23370836078731,15.95796163921269,228.07416776115082,0.06996829932938553
dark-5,dg,1730.17,83.36309,58.21108351925678,25.152006480743218,228.07416776115082,0.11027994414116855
dark-5,dg,1732.098,76.25483,58.188470406519166,18.066359593480833,228.07416776115082,0.07921265161603357
dark-5,dg,1734.027,66.1972,58.165845564988636,8.031354435011359,228.07416776115082,0.03521378380484607
dark-5,dg,1735.955,73.35654,58.14323245225103,15.213307547748968,228.07416776115082,0.06670333469628618
dark-5,dg,1737.884,81.15411,58.12060761072049,23.033502389279512,228.07416776115082,0.10099128110554456
dark-5,dg,1739.812,81.88406,58.09799449798288,23.786065502017124,228.07416776115082,0.10429092314797757
dark-5,dg,1741.741,69.06371,58.07536965645235,10.988340343547648,228.07416776115082,0.04817880276145572
dark-5,dg,1743.669,59.10152,58.052756543714736,1.0487634562852648,228.07416776115082,0.004598343892165707
dark-5,dg,1745.598,67.15818,58.03013170218421,9.128048297815795,228.07416776115082,0.04002228041614552
dark-5,dg,1747.526,79.05746,58.00751858944659,21.049941410553416,228.07416776115082,0.09229428136113087
dark-5,dg,1749.454,79.26382,57.984905476708974,21.27891452329102,228.07416776115082,0.0932982228201101
dark-5,dg,1751.383,71.74338,57.962280635178445,13.781099364821557,228.07416776115082,0.06042376258609754
dark-5,dg,1753.311,73.35888,57.93966752244083,15.41921247755917,228.07416776115082,0.06760613281600063
dark-5,dg,1755.24,85.78751,57.9170426809103,27.8704673190897,228.07416776115082,0.12219914071231804
dark-5,dg,1757.168,81.10218,57.89442956817269,23.207750431827314,228.07416776115082,0.10175527838002013
dark-5,dg,1759.097,58.48949,57.87180472664216,0.6176852733578428,228.07416776115082,0.0027082649447819525
dark-5,dg,1761.025,61.72958,57.849191613904544,3.8803883860954542,228.07416776115082,0.017013712794336118
dark-5,dg,1762.954,83.80462,57.826566772374015,25.978053227625985,228.07416776115082,0.11390177801648861
dark-5,dg,1764.882,67.77899,57.8039536596364,9.975036340363594,228.07416776115082,0.04373593221135805
dark-5,dg,1766.811,59.13861,57.78132881810587,1.3572811818941304,228.07416776115082,0.005951051779417361
dark-5,dg,1768.739,59.19267,57.75871570536825,1.4339542946317465,228.07416776115082,0.006287228004415852
dark-5,dg,1770.668,71.86494,57.736090863837724,14.12884913616228,228.07416776115082,0.06194848489355719
dark-5,dg,1772.596,86.99326,57.71347775110011,29.2797822488999,228.07416776115082,0.12837833646975294
dark-5,dg,1774.525,81.43194,57.69085290956958,23.74108709043042,228.07416776115082,0.10409371356467303
dark-5,dg,1776.453,77.70561,57.66823979683197,20.037370203168024,228.07416776115082,0.08785462378252336
dark-5,dg,1778.381,84.95734,57.64562668409435,27.31171331590565,228.07416776115082,0.11974926219837252
dark-5,dg,1780.31,81.42654,57.62300184256382,23.80353815743618,228.07416776115082,0.10436753268070358
dark-5,dg,1782.238,72.72364,57.60038872982621,15.123251270173796,228.07416776115082,0.06630847946801026
dark-5,dg,1784.167,73.78015,57.57776388829568,16.202386111704328,228.07416776115082,0.07103998787215644
dark-5,dg,1786.095,72.39133,57.55515077555806,14.836179224441935,228.07416776115082,0.0650498009927149
dark-5,dg,1788.024,67.08437,57.53252593402753,9.551844065972475,228.07416776115082,0.04188042933461707
dark-5,dg,1789.952,70.67017,57.509912821289916,13.160257178710083,228.07416776115082,0.05770165603538265
dark-5,dg,1791.881,68.41209,57.48728797975939,10.92480202024062,228.07416776115082,0.04790021652816704
dark-5,dg,1793.809,65.70147,57.46467486702178,8.236795132978223,228.07416776115082,0.03611454648210819
dark-5,dg,1795.738,88.09824,57.44205002549125,30.656189974508756,228.07416776115082,0.13441324931902526
dark-5,dg,1797.666,66.08419,57.41943691275363,8.664753087246375,228.07416776115082,0.037990944666388
dark-5,dg,1799.595,69.36842,57.3968120712231,11.971607928776898,228.07416776115082,0.05248997747659913
dark-5,2d,2451.416,116.5499,115.56007522354975,0.9898247764502486,228.07416776115082,0.0043399249733833785
dark-5,2d,2453.345,113.9494,115.80321707689487,-1.8538170768948703,228.07416776115082,-0.00812813259428954
dark-5,2d,2455.273,110.2173,116.04623288469662,-5.828932884696627,228.07416776115082,-0.025557181428810204
dark-5,2d,2457.202,115.0482,116.2893747380418,-1.2411747380418063,228.07416776115082,-0.005441978590673269
dark-5,2d,2459.13,116.9897,116.5323905458435,0.45730945415650126,228.07416776115082,0.0020050909695104777
dark-5,2d,2461.059,115.3478,116.77553239918868,-1.4277323991886703,228.07416776115082,-0.006259947863468053
dark-5,2d,2462.987,112.5448,117.01854820699036,-4.473748206990365,228.07416776115082,-0.019615321853001206
dark-5,2d,2464.916,117.1823,117.26169006033555,-0.07939006033555529,228.07416776115082,-0.00034808878670861143
dark-5,2d,2466.844,130.0822,117.50470586813724,12.577494131862764,228.07416776115082,0.05514650894192657
dark-5,2d,2468.772,119.6051,117.74772167593892,1.8573783240610737,228.07416776115082,0.008143747020075509
dark-5,2d,2470.701,127.3239,117.99086352928411,9.333036470715882,228.07416776115082,0.04092105897976944
dark-5,2d,2472.629,133.3289,118.2338793370858,15.095020662914209,228.07416776115082,0.06618470127981513
dark-5,2d,2474.558,130.0498,118.47702119043097,11.57277880956903,228.07416776115082,0.05074129579500887
dark-5,2d,2476.486,136.6923,118.72003699823267,17.972263001767317,228.07416776115082,0.07880008147432396
dark-5,2d,2478.415,133.592,118.96317885157785,14.628821148422162,228.07416776115082,0.06414063149730354
dark-5,2d,2480.343,127.0217,119.20619465937955,7.815505340620447,228.07416776115082,0.03426738511134318
dark-5,2d,2482.272,126.7572,119.44933651272473,7.30786348727527,228.07416776115082,0.032041609793040576
dark-5,2d,2484.2,127.4882,119.69235232052642,7.795847679473582,228.07416776115082,0.034181195336587755
dark-5,2d,2486.129,132.4208,119.9354941738716,12.48530582612841,228.07416776115082,0.05474230575381762
dark-5,2d,2488.057,135.4821,120.17850998167329,15.303590018326716,228.07416776115082,0.06709918167652068
dark-5,2d,2489.986,123.1734,120.42165183501848,2.751748164981521,228.07416776115082,0.012065146140808333
dark-5,2d,2491.914,129.5761,120.66466764282022,8.911432357179777,228.07416776115082,0.039072519455654514
dark-5,2d,2493.843,126.5484,120.90780949616534,5.640590503834659,228.07416776115082,0.024731386983473422
dark-5,2d,2495.771,119.3221,121.1508253039671,-1.82872530396709,228.07416776115082,-0.008018116746488408
dark-5,2d,2497.699,130.5572,121.39384111176878,9.163358888231215,228.07416776115082,0.04017710106401652
dark-5,2d,2499.628,135.3823,121.63698296511397,13.745317034886014,228.07416776115082,0.0602668735780753
dark-5,2d,2501.556,121.8955,121.87999877291566,0.015501227084342872,228.07416776115082,6.796572902800825e-05
dark-5,2d,2503.485,130.5138,122.12314062626083,8.390659373739169,228.07416776115082,0.036789170190138464
dark-5,2d,2505.413,147.0613,122.36615643406253,24.695143565937457,228.07416776115082,0.10827681104069306
dark-5,2d,2507.342,140.0938,122.60929828740771,17.484501712592277,228.07416776115082,0.07666147325769399
dark-5,2d,2509.27,126.0282,122.85231409520941,3.17588590479059,228.07416776115082,0.013924794447201561
dark-5,2d,2511.199,123.5414,123.09545594855459,0.4459440514454087,228.07416776115082,0.001955258922231038
dark-5,2d,2513.127,126.2004,123.33847175635628,2.8619282436437175,228.07416776115082,0.012548234952416238
dark-5,2d,2515.056,129.7106,123.58161360970146,6.128986390298536,228.07416776115082,0.026872777616433426
dark-5,2d,2516.984,134.115,123.82462941750315,10.290370582496863,228.07416776115082,0.045118527378661254
dark-5,2d,2518.913,138.4068,124.06777127084834,14.339028729151664,228.07416776115082,0.06287002543912873
dark-5,2d,2520.841,130.7945,124.31078707865002,6.4837129213499765,228.07416776115082,0.028428089796385895
dark-5,2d,2522.77,140.9262,124.5539289319952,16.372271068004792,228.07416776115082,0.07178485502641643
dark-5,2d,2524.698,150.1873,124.7969447397969,25.390355260203094,228.07416776115082,0.11132499357311249
dark-5,2d,2526.626,132.8447,125.03996054759864,7.80473945240135,228.07416776115082,0.034220181658515626
dark-5,2d,2528.555,124.7586,125.28310240094378,-0.5245024009437742,228.07416776115082,-0.002299701040641551
dark-5,2d,2530.483,122.8895,125.52611820874552,-2.6366182087455172,228.07416776115082,-0.011560354399743764
dark-5,2d,2532.412,130.1808,125.76926006209064,4.411539937909367,228.07416776115082,0.019342567293852076
dark-5,2d,2534.34,147.3031,126.01227586989239,21.29082413010761,228.07416776115082,0.09335044095131495
dark-5,2d,2536.269,144.8456,126.25541772323751,18.590182276762476,228.07416776115082,0.08150937240832519
dark-5,2d,2538.197,133.2248,126.49843353103927,6.72636646896072,228.07416776115082,0.029492013650598357
dark-5,2d,2540.126,133.1774,126.74157538438445,6.435824615615559,228.07416776115082,0.028218121669769433
dark-5,2d,2542.054,125.1648,126.98459119218614,-1.8197911921861447,228.07416776115082,-0.007978944788223053
dark-5,2d,2543.983,150.1939,127.22773304553132,22.96616695446869,228.07416776115082,0.10069604629016934
dark-5,2d,2545.911,152.4986,127.470748853333,25.027851146667004,228.07416776115082,0.1097355802822758
dark-5,2d,2547.84,133.5443,127.7138907066782,5.830409293321793,228.07416776115082,0.025563654799467036
dark-5,2d,2549.768,127.8079,127.95690651447988,-0.14900651447987912,228.07416776115082,-0.000653324819476817
dark-5,2d,2551.697,140.564,128.20004836782508,12.363951632174917,228.07416776115082,0.05421022360201259
dark-5,2d,2553.625,144.7855,128.44306417562674,16.34243582437327,228.07416776115082,0.07165404124805479
dark-5,2d,2555.553,138.2441,128.68607998342844,9.558020016571561,228.07416776115082,0.04190750802862135
dark-5,2d,2557.482,145.8094,128.92922183677362,16.88017816322639,228.07416776115082,0.0740117933079736
dark-5,2d,2559.41,149.4623,129.17223764457532,20.29006235542468,228.07416776115082,0.08896256228663878
dark-5,2d,2561.339,152.8874,129.4153794979205,23.472020502079516,228.07416776115082,0.10291398071289001
dark-5,2d,2563.267,153.2943,129.6583953057222,23.635904694277798,228.07416776115082,0.10363253728510957
dark-5,2d,2565.196,141.1084,129.90153715906737,11.206862840932615,228.07416776115082,0.04913692309367069
dark-5,2d,2567.124,142.6731,130.14455296686907,12.528547033130934,228.07416776115082,0.054931898496507384
dark-5,2d,2569.053,157.8099,130.38769482021425,27.42220517978575,228.07416776115082,0.12023371804431388
dark-5,2d,2570.981,141.5274,130.630710628016,10.896689371983996,228.07416776115082,0.047776955535777654
dark-5,2d,2572.91,138.4041,130.87385248136113,7.530247518638873,228.07416776115082,0.033016661170171956
dark-5,2d,2574.838,130.3206,131.11686828916288,-0.7962682891628674,228.07416776115082,-0.0034912690769818094
dark-5,2d,2576.767,141.6814,131.360010142508,10.321389857491994,228.07416776115082,0.045254532588280674
dark-5,2d,2578.695,164.2522,131.60302595030976,32.64917404969023,228.07416776115082,0.14315156499390086
dark-5,2d,2580.624,147.2401,131.84616780365488,15.393932196345133,228.07416776115082,0.06749529044633555
dark-5,2d,2582.552,136.3041,132.0891836114566,4.214916388543401,228.07416776115082,0.018480463745273616
dark-5,2d,2584.48,153.9601,132.3321994192583,21.62790058074171,228.07416776115082,0.09482836567178177
dark-5,2d,2586.409,164.0934,132.57534127260348,31.51805872739652,228.07416776115082,0.13819214616362693
dark-5,2d,2588.337,162.5214,132.81835708040518,29.70304291959482,228.07416776115082,0.1302341392327304
dark-5,2d,2590.266,151.0186,133.06149893375036,17.957101066249635,228.07416776115082,0.07873360338227822
dark-5,2d,2592.194,160.0794,133.30451474155205,26.774885258447938,228.07416776115082,0.11739551884055437
dark-5,2d,2594.123,155.5015,133.54765659489723,21.95384340510276,228.07416776115082,0.09625747457771622
dark-5,2d,2596.051,153.1035,133.79067240269893,19.312827597301066,228.07416776115082,0.08467783873501315
dark-5,2d,2597.98,161.1563,134.0338142560441,27.122485743955878,228.07416776115082,0.11891958659851265
dark-5,2d,2599.908,160.9135,134.2768300638458,26.636669936154192,228.07416776115082,0.11678950842012617
dark-5,2d,2601.837,177.4596,134.519971917191,42.93962808280901,228.07416776115082,0.18827045826503794
dark-5,2d,2603.765,173.4394,134.76298772499268,38.67641227500732,228.07416776115082,0.16957822385001944
dark-5,2d,2605.694,164.2971,135.00612957833786,29.290970421662138,228.07416776115082,0.1284273914454745
dark-5,2d,2607.622,161.8998,135.24914538613956,26.65065461386044,228.07416776115082,0.11685082477981533
dark-5,2d,2609.551,161.7646,135.49228723948474,26.272312760515263,228.07416776115082,0.1151919703069081
dark-5,2d,2611.479,166.3221,135.7353030472864,30.5867969527136,228.07416776115082,0.1341089929340241
dark-5,2d,2613.407,167.4284,135.97831885508816,31.45008114491185,228.07416776115082,0.13789409582696688
dark-5,2d,2615.336,155.4319,136.22146070843328,19.21043929156673,228.07416776115082,0.08422891325283596
dark-5,2d,2617.264,177.2311,136.46447651623504,40.76662348376496,228.07416776115082,0.17874283564834725
dark-5,2d,2619.193,175.1741,136.70761836958022,38.46648163041979,228.07416776115082,0.16865777482833375
dark-5,2d,2621.121,178.31,136.95063417738191,41.35936582261809,228.07416776115082,0.18134173733314424
dark-5,2d,2623.05,172.4381,137.1937760307271,35.2443239692729,228.07416776115082,0.15453010007771809
dark-5,2d,2624.978,188.7774,137.4367918385288,51.34060816147121,228.07416776115082,0.2251048799846431
dark-5,2d,2626.907,187.2007,137.67993369187397,49.52076630812604,228.07416776115082,0.21712571307061104
dark-5,2d,2628.835,186.7516,137.92294949967567,48.82865050032433,228.07416776115082,0.21409110457199965
dark-5,2d,2630.764,189.4236,138.16609135302085,51.25750864697915,228.07416776115082,0.22474052695287366
dark-5,2d,2632.692,205.4194,138.40910716082254,67.01029283917745,228.07416776115082,0.2938092178389687
dark-5,2d,2634.621,204.1863,138.65224901416772,65.53405098583227,228.07416776115082,0.28733657839962995
dark-5,2d,2636.549,188.3368,138.89526482196942,49.44153517803059,228.07416776115082,0.21677832111968032
dark-5,2d,2638.478,189.422,139.1384066753146,50.2835933246854,228.07416776115082,0.22047035759588768
dark-5,2d,2640.406,191.2221,139.38142248311627,51.840677516883744,228.07416776115082,0.227297453393203
dark-5,2d,2642.334,193.7749,139.62443829091796,54.15046170908204,228.07416776115082,0.2374247914204416
dark-5,2d,2644.263,199.6981,139.86758014426314,59.83051985573687,228.07416776115082,0.2623292258086588
dark-5,2d,2646.191,196.4426,140.11059595206484,56.33200404793516,228.07416776115082,0.24698984808717347
dark-5,2d,2648.12,193.5865,140.35373780541002,53.23276219458998,228.07416776115082,0.23340110244461199
dark-5,2d,2650.048,182.5496,140.59675361321172,41.95284638678828,228.07416776115082,0.18394387579536461
dark-5,2d,2651.977,187.077,140.8398954665569,46.2371045334431,228.07416776115082,0.20272837115803755
dark-5,2d,2653.905,193.5364,141.08291127435865,52.453488725641336,228.07416776115082,0.22998434781343982
dark-5,2d,2655.834,195.6368,141.32605312770377,54.31074687229622,228.07416776115082,0.23812756791103495
dark-5,2d,2657.762,205.89,141.56906893550553,64.32093106449446,228.07416776115082,0.2820176072366693
dark-5,2d,2659.691,210.1011,141.81221078885065,68.28888921114935,228.07416776115082,0.29941527302936144
dark-5,2d,2661.619,198.4241,142.0552265966524,56.36887340334761,228.07416776115082,0.2471515032003955
dark-5,2d,2663.548,186.8496,142.29836844999753,44.551231550002484,228.07416776115082,0.19533659592987518
dark-5,2d,2665.476,180.0397,142.54138425779928,37.49831574220073,228.07416776115082,0.1644128140871727
dark-5,2d,2667.405,198.3612,142.78452611114446,55.57667388885554,228.07416776115082,0.24367807382315146
dark-5,2d,2669.333,198.9964,143.02754191894613,55.96885808105387,228.07416776115082,0.2453976205655473
dark-5,2d,2671.261,197.2455,143.27055772674782,53.97494227325217,228.07416776115082,0.2366552196730016
dark-5,2d,2673.19,208.5649,143.513699580093,65.05120041990699,228.07416776115082,0.2852195014388102
dark-5,2d,2675.118,222.4266,143.7567153878947,78.6698846121053,228.07416776115082,0.3449311484257692
dark-5,2d,2677.047,217.7617,143.99985724123988,73.76184275876011,228.07416776115082,0.3234116493017601
dark-5,2d,2678.975,201.483,144.24287304904158,57.24012695095843,228.07416776115082,0.25097154804003396
dark-5,2d,2680.904,198.0085,144.48601490238676,53.52248509761324,228.07416776115082,0.23467140370611508
dark-5,2d,2682.832,204.9115,144.72903071018845,60.182469289811536,228.07416776115082,0.26387236169962586
dark-5,2d,2684.761,215.7613,144.97217256353363,70.78912743646637,228.07416776115082,0.3103776641228384
dark-5,2d,2686.689,206.8621,145.21518837133533,61.64691162866467,228.07416776115082,0.27029326571181
dark-5,2d,2688.618,193.5967,145.4583302246805,48.13836977531949,228.07416776115082,0.211064542064808
dark-5,2d,2690.546,197.741,145.7013460324822,52.03965396751781,228.07416776115082,0.22816987332829378
dark-5,2d,2692.475,187.8658,145.94448788582739,41.92131211417262,228.07416776115082,0.1838056125587815
dark-5,2d,2694.403,201.7455,146.18750369362905,55.55799630637094,228.07416776115082,0.24359618124115523
dark-5,2d,2696.332,187.0393,146.43064554697426,40.608654453025736,228.07416776115082,0.17805021433007215
dark-5,2d,2698.26,201.4368,146.673661354776,54.76313864522402,228.07416776115082,0.24011109711720777
dark-5,2d,2700.188,187.0844,146.91667716257768,40.1677228374223,228.07416776115082,0.17611693262644146
dark-5,2d,2702.117,190.3156,147.15981901592286,43.155780984077126,228.07416776115082,0.18921818901153126
dark-5,2d,2704.045,198.0332,147.40283482372456,50.63036517627543,228.07416776115082,0.22199079217641934
dark-5,2d,2705.974,197.768,147.64597667706974,50.12202332293026,228.07416776115082,0.21976194768107285
dark-5,2d,2707.902,189.4781,147.88899248487144,41.589107515128575,228.07416776115082,0.18234904865983112
dark-5,2d,2709.831,181.1379,148.13213433821662,33.005765661783386,228.07416776115082,0.14471505469373655
dark-5,2d,2711.759,194.9193,148.3751501460183,46.54414985398168,228.07416776115082,0.2040746232283734
dark-5,2d,2713.688,195.8389,148.6182919993635,47.2206080006365,228.07416776115082,0.20704058010676588
dark-5,2d,2715.616,191.7052,148.8613078071652,42.8438921928348,228.07416776115082,0.18785070055677147
dark-5,2d,2717.545,198.5287,149.10444966051037,49.42425033948962,228.07416776115082,0.2167025350773124
dark-5,2d,2719.473,180.9189,149.34746546831207,31.57143453168794,228.07416776115082,0.1384261744396714
dark-5,2d,2721.402,180.8273,149.59060732165725,31.236692678342763,228.07416776115082,0.13695848585121304
dark-5,2d,2723.33,177.275,149.8336231294589,27.44137687054109,228.07416776115082,0.12031777706311261
dark-5,2d,2725.259,186.8756,150.07676498280412,36.79883501719587,228.07416776115082,0.1613459138245468
dark-5,2d,2727.187,177.4731,150.3197807906058,27.153319209394198,228.07416776115082,0.11905477711895164
dark-5,2d,2729.115,177.156,150.5627965984075,26.59320340159252,228.07416776115082,0.11659892772004797
dark-5,2d,2731.044,174.5783,150.80593845175267,23.772361548247346,228.07416776115082,0.1042308376332334
dark-5,2d,2732.972,166.2988,151.04895425955442,15.24984574044558,228.07416776115082,0.06686353781378644
dark-5,2d,2734.901,157.2213,151.29209611289954,5.929203887100471,228.07416776115082,0.02599682351273464
dark-5,2d,2736.829,168.9519,151.5351119207013,17.416788079298698,228.07416776115082,0.07636458021645974
dark-5,2d,2738.758,178.5451,151.77825377404642,26.76684622595357,228.07416776115082,0.11736027139200164
dark-5,2d,2740.686,168.562,152.02126958184817,16.54073041815184,228.07416776115082,0.07252347155541969
dark-5,2d,2742.615,176.3396,152.2644114351933,24.075188564806695,228.07416776115082,0.10555859438680175
dark-5,2d,2744.543,189.2983,152.50742724299505,36.79087275700496,228.07416776115082,0.1613110029871246
dark-5,2d,2746.472,167.0406,152.75056909634023,14.290030903659783,228.07416776115082,0.06265519258027032
dark-5,2d,2748.4,171.2792,152.99358490414193,18.285615095858077,228.07416776115082,0.0801739858369562
dark-5,2d,2750.329,176.769,153.2367267574871,23.5322732425129,228.07416776115082,0.1031781611811335
dark-5,2d,2752.257,181.7139,153.4797425652888,28.234157434711193,228.07416776115082,0.12379375407511836
dark-5,2d,2754.186,172.9139,153.72288441863398,19.19101558136603,228.07416776115082,0.0841437492450425
dark-5,2d,2756.114,173.6303,153.96590022643565,19.664399773564355,228.07416776115082,0.08621932052453117
dark-5,2d,2758.042,173.5084,154.20891603423735,19.299483965762647,228.07416776115082,0.08461933306701312
dark-5,2d,2759.971,169.1734,154.45205788758253,14.72134211241746,228.07416776115082,0.06454629323840957
dark-5,2d,2761.899,171.2048,154.69507369538422,16.509726304615782,228.07416776115082,0.07238753282180332
dark-5,2d,2763.828,171.5074,154.9382155487294,16.569184451270587,228.07416776115082,0.07264822936292617
dark-5,2d,2765.756,157.8987,155.1812313565311,2.717468643468891,228.07416776115082,0.011914846254376086
dark-5,2d,2767.685,160.7471,155.42437320987628,5.32272679012371,228.07416776115082,0.023337701250313894
dark-5,2d,2769.613,168.2784,155.66738901767798,12.611010982322028,228.07416776115082,0.05529346486766019
dark-5,2d,2771.542,174.5417,155.91053087102316,18.631169128976836,228.07416776115082,0.08168908084535118
dark-5,2d,2773.47,171.8918,156.15354667882485,15.738253321175137,228.07416776115082,0.06900497972070611
dark-5,2d,2775.399,168.1756,156.39668853217003,11.778911467829971,228.07416776115082,0.05164509239891367
dark-5,2d,2777.327,175.3031,156.6397043399718,18.663395660028215,228.07416776115082,0.08183037931579053
dark-5,2d,2779.256,170.1985,156.8828461933169,13.315653806683088,228.07416776115082,0.05838299855434667
dark-5,2d,2781.184,162.7793,157.12586200111866,5.653437998881344,228.07416776115082,0.024787717321857642
dark-5,2d,2783.113,168.0558,157.36900385446378,10.68679614553622,228.07416776115082,0.04685667057537133
dark-5,2d,2785.041,175.6298,157.6120196622655,18.01778033773448,228.07416776115082,0.0789996539923955
dark-5,2d,2786.969,181.5876,157.8550354700672,23.7325645299328,228.07416776115082,0.10405634606890937
dark-5,2d,2788.898,162.4774,158.0981773234124,4.379222676587602,228.07416776115082,0.019200871013036927
dark-5,2d,2790.826,166.7846,158.34119313121408,8.443406868785928,228.07416776115082,0.03702044362002553
dark-5,2d,2792.755,182.3014,158.58433498455926,23.71706501544074,228.07416776115082,0.10398838784880837
dark-5,2d,2794.683,168.3033,158.82735079236096,9.475949207639047,228.07416776115082,0.04154766539612094
dark-5,2d,2796.612,168.3514,159.07049264570614,9.280907354293873,228.07416776115082,0.04069249685485312
dark-5,2d,2798.54,171.4595,159.31350845350784,12.145991546492155,228.07416776115082,0.05325456918563423
dark-5,2d,2800.469,168.5663,159.55665030685302,9.009649693146997,228.07416776115082,0.03950315715974592
dark-5,2d,2802.397,169.3879,159.7996661146547,9.58823388534529,228.07416776115082,0.04203998190354685
dark-5,2d,2804.326,163.6926,160.0428079679999,3.649792032000107,228.07416776115082,0.016002654170911314
dark-5,2d,2806.254,165.5824,160.2858237758016,5.296576224198418,228.07416776115082,0.023223043083709607
dark-5,2d,2808.183,164.9808,160.52896562914677,4.45183437085322,228.07416776115082,0.019519239791835497
dark-5,2d,2810.111,148.1232,160.77198143694847,-12.648781436948468,228.07416776115082,-0.055459070885199156
dark-5,2d,2812.04,167.434,161.01512329029362,6.418876709706382,228.07416776115082,0.028143812921542735
dark-5,2d,2813.968,183.8114,161.2581390980953,22.55326090190468,228.07416776115082,0.09888564375042874
dark-5,2d,2815.896,173.5709,161.50115490589707,12.069745094102927,228.07416776115082,0.05292026366941691
dark-5,2d,2817.825,175.7794,161.7442967592422,14.03510324075782,228.07416776115082,0.06153745239336351
dark-5,2d,2819.753,172.2072,161.98731256704394,10.219887432956057,228.07416776115082,0.04480949128644313
dark-5,2d,2821.682,162.0689,162.23045442038907,-0.1615544203890522,228.07416776115082,-0.0007083415977132448
dark-5,2d,2823.61,158.9188,162.47347022819082,-3.5546702281908154,228.07416776115082,-0.015585588947159595
dark-5,2d,2825.539,172.6369,162.716612081536,9.920287918463998,228.07416776115082,0.04349588564038061
dark-5,2d,2827.467,175.4917,162.9596278893377,12.532072110662313,228.07416776115082,0.054947354335132086
dark-5,2d,2829.396,180.3311,163.20276974268288,17.128330257317117,228.07416776115082,0.07509982575165922
dark-5,2d,2831.324,179.4485,163.44578555048457,16.002714449515423,228.07416776115082,0.07016451975514457
dark-5,2d,2833.253,153.6505,163.68892740382975,-10.038427403829758,228.07416776115082,-0.044013872778185185
dark-5,2d,2835.181,160.3095,163.93194321163145,-3.6224432116314347,228.07416776115082,-0.015882742211406488
dark-5,2d,2837.11,167.0101,164.17508506497663,2.8350149350233664,228.07416776115082,0.012430232510997551
dark-5,2d,2839.038,185.8386,164.41810087277833,21.42049912722169,228.07416776115082,0.0939190059860447
dark-5,2d,2840.967,188.6171,164.66124272612348,23.955857273876518,228.07416776115082,0.10503538173145559
dark-5,2d,2842.895,173.0237,164.90425853392517,8.119441466074818,228.07416776115082,0.03560000479571124
dark-5,2d,2844.823,174.1264,165.14727434172687,8.97912565827312,228.07416776115082,0.039369323349571314
dark-5,2d,2846.752,178.7727,165.39041619507205,13.382283804927937,228.07416776115082,0.058675140355844445
dark-5,2d,2848.68,175.5789,165.63343200287375,9.945467997126258,228.07416776115082,0.043606288668086184
dark-6,dg,1101.49,65.58207,63.98054697547125,1.6015230245287526,226.5412053106685,0.007069455741318651
dark-6,dg,1103.418,72.00742,63.953269487332804,8.054150512667192,226.5412053106685,0.035552695597351
dark-6,dg,1105.347,78.05071,63.92597785111959,14.124732148880405,226.5412053106685,0.062349505598817564
dark-6,dg,1107.275,76.79458,63.89870036298114,12.895879637018858,226.5412053106685,0.05692509501454283
dark-6,dg,1109.203,69.00283,63.871422874842686,5.131407125157317,226.5412053106685,0.022651098364733842
dark-6,dg,1111.132,69.42862,63.84413123862947,5.5844887613705225,226.5412053106685,0.02465109494633528
dark-6,dg,1113.06,59.78157,63.81685375049103,-4.0352837504910255,226.5412053106685,-0.017812581799223754
dark-6,dg,1114.989,70.41331,63.789562114277814,6.623747885722182,226.5412053106685,0.029238600883396332
dark-6,dg,1116.917,77.67358,63.76228462613936,13.91129537386064,226.5412053106685,0.061407351279796143
dark-6,dg,1118.846,69.87411,63.734992989926155,6.139117010073846,226.5412053106685,0.027099339396799517
dark-6,dg,1120.774,61.9372,63.7077155017877,-1.7705155017877061,226.5412053106685,-0.00781542368576922
dark-6,dg,1122.703,52.19995,63.68042386557449,-11.480473865574488,226.5412053106685,-0.05067719954006018
dark-6,dg,1124.631,63.95681,63.65314637743604,0.30366362256395973,226.5412053106685,0.0013404343909423852
dark-6,dg,1126.56,75.19807,63.62585474122283,11.57221525877717,226.5412053106685,0.05108216513153777
dark-6,dg,1128.488,62.42246,63.59857725308438,-1.176117253084378,226.5412053106685,-0.00519162618328751
dark-6,dg,1130.417,61.74397,63.57128561687117,-1.827315616871175,226.5412053106685,-0.008066151207968
dark-6,dg,1132.345,67.61036,63.54400812873272,4.06635187126728,226.5412053106685,0.017949722946387903
dark-6,dg,1134.274,73.11762,63.51671649251951,9.600903507480496,226.5412053106685,0.04238038503553579
dark-6,dg,1136.202,79.82491,63.489439004381055,16.335470995618948,226.5412053106685,0.07210816669407763
dark-6,dg,1138.13,83.71249,63.4621615162426,20.2503284837574,226.5412053106685,0.0893891619230462
dark-6,dg,1140.059,73.22971,63.434869880029396,9.794840119970601,226.5412053106685,0.04323646158118738
dark-6,dg,1141.987,62.4613,63.407592391890944,-0.9462923918909425,226.5412053106685,-0.004177131443232322
dark-6,dg,1143.916,71.63873,63.38030075567774,8.258429244322258,226.5412053106685,0.036454424408120446
dark-6,dg,1145.844,75.00258,63.353023267539285,11.64955673246071,226.5412053106685,0.05142356648312623
dark-6,dg,1147.773,71.59477,63.32573163132607,8.269038368673925,226.5412053106685,0.03650125528966854
dark-6,dg,1149.701,68.80907,63.29845414318762,5.510615856812386,226.5412053106685,0.0243250045803163
dark-6,dg,1151.63,67.26642,63.271162506974406,3.9952574930255906,226.5412053106685,0.01763589757345324
dark-6,dg,1153.558,68.22784,63.24388501883596,4.98395498116404,226.5412053106685,0.022000213931630083
dark-6,dg,1155.487,76.68265,63.21659338262275,13.466056617377248,226.5412053106685,0.05944197480061298
dark-6,dg,1157.415,67.17968,63.189315894484295,3.9903641055157095,226.5412053106685,0.01761429714317756
dark-6,dg,1159.344,69.01225,63.16202425827109,5.850225741728906,226.5412053106685,0.02582411324997661
dark-6,dg,1161.272,81.06625,63.13474677013264,17.93150322986736,226.5412053106685,0.07915338494503416
dark-6,dg,1163.201,89.57804,63.10745513391942,26.47058486608058,226.5412053106685,0.11684666738565287
dark-6,dg,1165.129,87.6459,63.08017764578098,24.56572235421902,226.5412053106685,0.1084382080537211
dark-6,dg,1167.057,83.52565,63.052900157642526,20.472749842357473,226.5412053106685,0.09037097606275228
dark-6,dg,1168.986,83.62809,63.02560852142931,20.602481478570688,226.5412053106685,0.09094363848871274
dark-6,dg,1170.914,84.45734,62.99833103329086,21.459008966709142,226.5412053106685,0.09472452897600335
dark-6,dg,1172.843,82.79115,62.97103939707765,19.820110602922355,226.5412053106685,0.08749009071326314
dark-6,dg,1174.771,80.64306,62.9437619089392,17.699298091060804,226.5412053106685,0.07812838316450545
dark-6,dg,1176.7,73.47321,62.91647027272599,10.556739727274007,226.5412053106685,0.04659964492021205
dark-6,dg,1178.628,79.63374,62.889192784587536,16.744547215412467,226.5412053106685,0.07391391421463368
dark-6,dg,1180.557,73.8642,62.86190114837433,11.002298851625667,226.5412053106685,0.048566435569801114
dark-6,dg,1182.485,79.89954,62.83462366023588,17.064916339764125,226.5412053106685,0.07532809016515146
dark-6,dg,1184.414,79.07236,62.807332024022664,16.26502797597734,226.5412053106685,0.07179721655348398
dark-6,dg,1186.342,73.08823,62.78005453588421,10.308175464115784,226.5412053106685,0.045502430562155846
dark-6,dg,1188.271,86.53358,62.752762899671005,23.780817100328996,226.5412053106685,0.10497347300557108
dark-6,dg,1190.199,80.14494,62.72548541153255,17.419454588467453,226.5412053106685,0.0768930957376129
dark-6,dg,1192.128,91.46641,62.69819377531934,28.768216224680657,226.5412053106685,0.12698889010160078
dark-6,dg,1194.056,80.79083,62.67091628718089,18.119913712819113,226.5412053106685,0.07998506800548832
dark-6,dg,1195.984,76.92452,62.64363879904244,14.280881200957559,226.5412053106685,0.06303877999312928
dark-6,dg,1197.913,81.75364,62.61634716282923,19.137292837170776,226.5412053106685,0.08447599107158782
dark-6,dg,1199.841,84.59779,62.58906967469078,22.00872032530922,226.5412053106685,0.09715106925085634
dark-6,dg,1201.77,84.41423,62.56177803847757,21.852451961522434,226.5412053106685,0.09646126818984192
dark-6,dg,1203.698,85.37437,62.53450055033912,22.83986944966088,226.5412053106685,0.10081993436178334
dark-6,dg,1205.627,86.66496,62.507208914125904,24.15775108587409,226.5412053106685,0.10663733801868507
dark-6,dg,1207.555,85.37794,62.47993142598745,22.898008574012543,226.5412053106685,0.10107657254940106
dark-6,dg,1209.484,88.98837,62.452639789774246,26.535730210225758,226.5412053106685,0.11713423248470778
dark-6,dg,1211.412,89.37312,62.42536230163579,26.947757698364207,226.5412053106685,0.11895300751759158
dark-6,dg,1213.341,78.95364,62.39807066542259,16.555569334577406,226.5412053106685,0.07307972654190587
dark-6,dg,1215.269,87.3526,62.370793177284135,24.98180682271586,226.5412053106685,0.11027489144174424
dark-6,dg,1217.198,94.39438,62.34350154107092,32.05087845892908,226.5412053106685,0.14147924398555192
dark-6,dg,1219.126,91.26453,62.31622405293247,28.948305947067524,226.5412053106685,0.12778384359423317
dark-6,dg,1221.055,88.64612,62.288932416719256,26.35718758328074,226.5412053106685,0.11634610819314602
dark-6,dg,1222.983,94.57619,62.26165492858081,32.314535071419186,226.5412053106685,0.14264307911271362
dark-6,dg,1224.911,100.8401,62.23437744044236,38.60572255955765,226.5412053106685,0.17041368922980474
dark-6,dg,1226.84,94.61887,62.20708580422915,32.41178419577085,226.5412053106685,0.14307235697507117
dark-6,dg,1228.768,86.54102,62.1798083160907,24.361211683909303,226.5412053106685,0.10753545541748763
dark-6,dg,1230.697,91.68742,62.152516679877486,29.534903320122517,226.5412053106685,0.13037320640904895
dark-6,dg,1232.625,99.75208,62.125239191739034,37.62684080826097,226.5412053106685,0.16609270157568556
dark-6,dg,1234.554,105.3886,62.09794755552582,43.290652444474176,226.5412053106685,0.1910939441904501
dark-6,dg,1236.482,109.777,62.070670067387375,47.706329932612626,226.5412053106685,0.21058566306818355
dark-6,dg,1238.411,110.6486,62.04337843117416,48.60522156882584,226.5412053106685,0.2145535577166671
dark-6,dg,1240.339,109.5962,62.01610094303571,47.580099056964286,226.5412053106685,0.2100284537275021
dark-6,dg,1242.268,113.3743,61.9888093068225,51.3854906931775,226.5412053106685,0.22682624391756784
dark-6,dg,1244.196,109.526,61.96153181868405,47.564468181315945,226.5412053106685,0.2099594557912242
dark-6,dg,1246.125,107.5,61.93424018247084,45.56575981752916,226.5412053106685,0.20113674134929369
dark-6,dg,1248.053,94.82767,61.906962694332385,32.92070730566761,226.5412053106685,0.1453188494363382
dark-6,dg,1249.982,110.5407,61.87967105811918,48.66102894188082,226.5412053106685,0.21479990306906535
dark-6,dg,1251.91,107.5157,61.85239356998073,45.66330643001927,226.5412053106685,0.20156733238617078
dark-6,dg,1253.839,107.1511,61.82510193376751,45.325998066232486,226.5412053106685,0.20007838310948525
dark-6,dg,1255.767,106.2526,61.79782444562906,44.45477555437094,226.5412053106685,0.19623262573096867
dark-6,dg,1257.695,101.7457,61.770546957490616,39.97515304250938,226.5412053106685,0.17645864021818566
dark-6,dg,1259.624,112.4989,61.7432553212774,50.755644678722604,226.5412053106685,0.22404597260405046
dark-6,dg,1261.552,126.4848,61.71597783313895,64.76882216686106,226.5412053106685,0.2859030527273835
dark-6,dg,1263.481,135.7023,61.688686196925744,74.01361380307426,226.5412053106685,0.32671148589315263
dark-6,dg,1265.409,134.259,61.66140870878729,72.5975912912127,226.5412053106685,0.3204608679981887
dark-6,dg,1267.338,123.2486,61.63411707257408,61.61448292742592,226.5412053106685,0.2719791432332611
dark-6,dg,1269.266,122.1436,61.606839584435626,60.53676041556438,226.5412053106685,0.26722185190348474
dark-6,dg,1271.195,134.2402,61.57954794822242,72.66065205177756,226.5412053106685,0.32073923131173415
dark-6,dg,1273.123,135.4565,61.55227046008397,73.90422953991603,226.5412053106685,0.32622864100403753
dark-6,dg,1275.052,132.8866,61.52497882387076,71.36162117612923,226.5412053106685,0.31500503883285647
dark-6,dg,1276.98,137.7874,61.49770133573231,76.28969866426769,226.5412053106685,0.3367585978879533
dark-6,dg,1278.909,134.8341,61.470409699519095,73.36369030048091,226.5412053106685,0.3238425883709466
dark-6,dg,1280.837,138.5422,61.44313221138064,77.09906778861937,226.5412053106685,0.3403313215487185
dark-6,dg,1282.766,154.0431,61.41584057516743,92.62725942483257,226.5412053106685,0.40887598923916596
dark-6,dg,1284.694,153.091,61.388563087028984,91.70243691297102,226.5412053106685,0.40479363031204146
dark-6,dg,1286.622,144.5939,61.36128559889053,83.23261440110946,226.5412053106685,0.3674060720519606
dark-6,dg,1288.551,150.0573,61.33399396267732,88.72330603732269,226.5412053106685,0.3916431269783857
dark-6,dg,1290.479,150.2991,61.30671647453887,88.99238352546115,226.5412053106685,0.39283089097818197
dark-6,dg,1292.408,165.378,61.27942483832566,104.09857516167432,226.5412053106685,0.45951276289414184
dark-6,dg,1294.336,192.4587,61.25214735018721,131.20655264981278,226.5412053106685,0.5791730138889389
dark-6,dg,1296.265,199.5058,61.224855713973994,138.280944286026,226.5412053106685,0.6104008500192876
dark-6,dg,1298.193,188.0738,61.19757822583555,126.87622177416446,226.5412053106685,0.5600580327105265
dark-6,dg,1300.122,192.071,61.170286589622336,130.90071341037765,226.5412053106685,0.5778229758726068
dark-6,dg,1302.05,202.2721,61.143009101483884,141.1290908985161,226.5412053106685,0.6229731615711056
dark-6,dg,1303.979,206.7545,61.11571746527068,145.63878253472933,226.5412053106685,0.6428798784530471
dark-6,dg,1305.907,206.7069,61.088439977132225,145.61846002286777,226.5412053106685,0.6427901706586805
dark-6,dg,1307.836,217.9598,61.06114834091901,156.898651659081,226.5412053106685,0.6925832827803542
dark-6,dg,1309.764,232.7596,61.03387085278057,171.72572914721945,226.5412053106685,0.75803308679197
dark-6,dg,1311.693,231.0185,61.00657921656735,170.01192078343263,226.5412053106685,0.750467980208218
dark-6,dg,1313.621,231.8633,60.9793017284289,170.8839982715711,226.5412053106685,0.754317511629853
dark-6,dg,1315.549,251.0857,60.95202424029045,190.13367575970955,226.5412053106685,0.8392895919264167
dark-6,dg,1317.478,260.6223,60.924732604077235,199.69756739592276,226.5412053106685,0.8815065988638422
dark-6,dg,1319.406,267.4891,60.89745511593879,206.59164488406122,226.5412053106685,0.9119384908398923
dark-6,dg,1321.335,279.0715,60.870163479725576,218.20133652027442,226.5412053106685,0.9631860844963849
dark-6,dg,1323.263,294.6891,60.842885991587124,233.84621400841286,226.5412053106685,1.0322458278074693
dark-6,dg,1325.192,299.3931,60.81559435537392,238.5775056446261,226.5412053106685,1.0531307331814164
dark-6,dg,1327.12,298.1992,60.788316867235466,237.41088313276455,226.5412053106685,1.0479810187607588
dark-6,dg,1329.049,302.174,60.76102523102225,241.41297476897773,226.5412053106685,1.0656470836637193
dark-6,dg,1330.977,308.7015,60.7337477428838,247.96775225711622,226.5412053106685,1.0945812348665855
dark-6,dg,1332.906,311.1902,60.70645610667059,250.4837438933294,226.5412053106685,1.105687345266073
dark-6,dg,1334.834,310.1871,60.67917861853214,249.50792138146784,226.5412053106685,1.101379861731131
dark-6,dg,1336.763,309.6502,60.65188698231893,248.99831301768106,226.5412053106685,1.0991303444166631
dark-6,dg,1338.691,311.1499,60.624609494180476,250.52529050581953,226.5412053106685,1.1058707406551507
dark-6,dg,1340.62,328.3372,60.59731785796727,267.73988214203274,226.5412053106685,1.1818595287107536
dark-6,dg,1342.548,300.0489,60.57004036982882,239.4788596301712,226.5412053106685,1.0571094971520107
dark-6,dg,1344.476,306.1873,60.542762881690365,245.64453711830964,226.5412053106685,1.0843260800234718
dark-6,dg,1346.405,289.7686,60.51547124547716,229.25312875452283,226.5412053106685,1.011970994151529
dark-6,dg,1348.333,284.7521,60.488193757338706,224.26390624266128,226.5412053106685,0.9899475282437726
dark-6,dg,1350.262,295.8321,60.46090212112549,235.37119787887454,226.5412053106685,1.0389774238028662
dark-6,dg,1352.19,284.704,60.43362463298704,224.27037536701297,226.5412053106685,0.9899760843042157
dark-6,dg,1354.119,254.9939,60.406332996773834,194.58756700322616,226.5412053106685,0.8589499942687135
dark-6,dg,1356.047,245.6798,60.37905550863538,185.3007444913646,226.5412053106685,0.8179560280755611
dark-6,dg,1357.976,250.1657,60.35176387242217,189.81393612757782,226.5412053106685,0.8378781946854899
dark-6,dg,1359.904,249.5773,60.32448638428372,189.2528136157163,226.5412053106685,0.8354012832066618
dark-6,dg,1361.833,236.8557,60.29719474807051,176.5585052519295,226.5412053106685,0.7793659657182677
dark-6,dg,1363.761,219.4179,60.26991725993206,159.14798274006796,226.5412053106685,0.7025122980246332
dark-6,dg,1365.69,221.5033,60.242625623718844,161.26067437628114,226.5412053106685,0.711838158339166
dark-6,dg,1367.618,200.2846,60.2153481355804,140.0692518644196,226.5412053106685,0.6182948116318835
dark-6,dg,1369.547,201.9066,60.188056499367185,141.71854350063282,226.5412053106685,0.6255751279608773
dark-6,dg,1371.475,215.4089,60.16077901122874,155.24812098877123,226.5412053106685,0.6852974970971435
dark-6,dg,1373.403,210.1989,60.13350152309029,150.0653984769097,226.5412053106685,0.6624198819420808
dark-6,dg,1375.332,188.6528,60.106209886877075,128.54659011312293,226.5412053106685,0.5674313859893165
dark-6,dg,1377.26,176.161,60.07893239873862,116.08206760126137,226.5412053106685,0.5124103910459539
dark-6,dg,1379.189,181.7977,60.05164076252541,121.74605923747458,226.5412053106685,0.5374124282181578
dark-6,dg,1381.117,179.765,60.024363274386964,119.74063672561303,226.5412053106685,0.5285600761301066
dark-6,dg,1383.046,163.6308,59.99707163817375,103.63372836182624,226.5412053106685,0.4574608324331442
dark-6,dg,1384.974,168.1482,59.9697941500353,108.1784058499647,226.5412053106685,0.47752198414241537
dark-6,dg,1386.903,169.2943,59.94250251382209,109.3517974861779,226.5412053106685,0.482701578885915
dark-6,dg,1388.831,159.0002,59.91522502568364,99.08497497431637,226.5412053106685,0.4373816888562752
dark-6,dg,1390.76,150.7665,59.887933389470426,90.87856661052959,226.5412053106685,0.40115689543499505
dark-6,dg,1392.688,148.032,59.860655901331974,88.17134409866804,226.5412053106685,0.3892066521750593
dark-6,dg,1394.617,145.2581,59.83336426511877,85.42473573488124,226.5412053106685,0.3770825515726094
dark-6,dg,1396.545,139.896,59.806086776980315,80.08991322301966,226.5412053106685,0.3535335353812916
dark-6,dg,1398.474,133.5546,59.7787951407671,73.77580485923289,226.5412053106685,0.32566174775162887
dark-6,dg,1400.402,126.5425,59.75151765262865,66.79098234737135,226.5412053106685,0.2948292883662254
dark-6,dg,1402.33,122.5505,59.724240164490205,62.826259835509795,226.5412053106685,0.27732817855079683
dark-6,dg,1404.259,125.624,59.69694852827699,65.927051471723,226.5412053106685,0.2910157177865881
dark-6,dg,1406.187,124.8254,59.669671040138546,65.15572895986145,226.5412053106685,0.2876109397869133
dark-6,dg,1408.116,129.0818,59.64237940392533,69.43942059607465,226.5412053106685,0.3065200456616647
dark-6,dg,1410.044,134.5389,59.61510191578688,74.92379808421313,226.5412053106685,0.3307292286251677
dark-6,dg,1411.973,135.175,59.58781027957367,75.58718972042635,226.5412053106685,0.3336575772904954
dark-6,dg,1413.901,123.3566,59.560532791435215,63.796067208564786,226.5412053106685,0.2816091100119191
dark-6,dg,1415.83,107.4924,59.53324115522201,47.959158844777996,226.5412053106685,0.211701702473989
dark-6,dg,1417.758,104.6201,59.505963667083556,45.11413633291644,226.5412053106685,0.19914318135214706
dark-6,dg,1419.687,119.0508,59.47867203087035,59.572127969129646,226.5412053106685,0.2629637636448305
dark-6,dg,1421.615,134.6099,59.4513945427319,75.15850545726812,226.5412053106685,0.33176527578812476
dark-6,dg,1423.544,128.5174,59.424102906518684,69.09329709348133,226.5412053106685,0.3049921845287698
dark-6,dg,1425.472,109.5172,59.39682541838023,50.12037458161977,226.5412053106685,0.22124175826153536
dark-6,dg,1427.401,114.0442,59.36953378216702,54.674666217832986,226.5412053106685,0.24134534882011682
dark-6,dg,1429.329,120.3644,59.34225629402857,61.02214370597143,226.5412053106685,0.26936443470532606
dark-6,dg,1431.257,117.8816,59.31497880589012,58.566621194109885,226.5412053106685,0.2585252475980881
dark-6,dg,1433.186,120.2775,59.28768716967691,60.989812830323096,226.5412053106685,0.26922171949550805
dark-6,dg,1435.114,128.1064,59.260409681538455,68.84599031846156,226.5412053106685,0.30390052098490977
dark-6,dg,1437.043,123.5162,59.23311804532525,64.28308195467474,226.5412053106685,0.28375889439857
dark-6,dg,1438.971,112.013,59.2058405571868,52.80715944281321,226.5412053106685,0.23310178548046404
dark-6,dg,1440.9,107.1191,59.17854892097358,47.94055107902642,226.5412053106685,0.21161956392561296
dark-6,dg,1442.828,102.3658,59.15127143283514,43.214528567164855,226.5412053106685,0.1907579175625131
dark-6,dg,1444.757,101.9609,59.123979796621924,42.83692020337807,226.5412053106685,0.18909107570357203
dark-6,dg,1446.685,110.397,59.09670230848347,51.30029769151653,226.5412053106685,0.22645018428839733
dark-6,dg,1448.614,116.1396,59.06941067227026,57.07018932772974,226.5412053106685,0.25191968608742166
dark-6,dg,1450.542,113.1369,59.04213318413181,54.094766815868184,226.5412053106685,0.23878555224284712
dark-6,dg,1452.471,112.4785,59.0148415479186,53.4636584520814,226.5412053106685,0.23599970865681466
dark-6,dg,1454.399,114.2401,58.987564059780155,55.25253594021984,226.5412053106685,0.2438961859695634
dark-6,dg,1456.328,110.6773,58.96027242356694,51.71702757643306,226.5412053106685,0.22828971667874123
dark-6,dg,1458.256,111.0181,58.93299493542849,52.085105064571515,226.5412053106685,0.2299144872701826
dark-6,dg,1460.184,110.1344,58.90571744729004,51.22868255270996,226.5412053106685,0.22613406017001295
dark-6,dg,1462.113,106.5915,58.87842581107682,47.71307418892317,226.5412053106685,0.21061543361831944
dark-6,dg,1464.041,101.2195,58.85114832293838,42.36835167706162,226.5412053106685,0.18702271676783724
dark-6,dg,1465.97,96.18722,58.823856686725165,37.36336331327483,226.5412053106685,0.16492965711044216
dark-6,dg,1467.898,116.9,58.79657919858671,58.10342080141329,226.5412053106685,0.25648058472070395
dark-6,dg,1469.827,113.7203,58.769287562373506,54.95101243762649,226.5412053106685,0.24256519851330854
dark-6,dg,1471.755,113.4318,58.742010074235054,54.68978992576494,226.5412053106685,0.24141210801260551
dark-6,dg,1473.684,92.41219,58.71471843802184,33.697471561978155,226.5412053106685,0.14874764842787408
dark-6,dg,1475.612,112.7216,58.68744094988339,54.03415905011661,226.5412053106685,0.2385180169586216
dark-6,dg,1477.541,118.0456,58.66014931367018,59.38545068632981,226.5412053106685,0.2621397312903463
dark-6,dg,1479.469,106.0737,58.63287182553173,47.44082817446827,226.5412053106685,0.20941368308432032
dark-6,dg,1481.398,105.926,58.605580189318516,47.320419810681486,226.5412053106685,0.20888217552205735
dark-6,dg,1483.326,114.7615,58.578302701180064,56.183197298819934,226.5412053106685,0.248004318780651
dark-6,dg,1485.255,114.9149,58.55101106496686,56.363888935033145,226.5412053106685,0.24880192924610878
dark-6,dg,1487.183,108.9072,58.523733576828405,50.3834664231716,226.5412053106685,0.22240310037230518
dark-6,dg,1489.111,106.278,58.49645608868995,47.78154391131005,226.5412053106685,0.21091767321439195
dark-6,dg,1491.04,104.0202,58.46916445247675,45.551035547523256,226.5412053106685,0.20107174535889222
dark-6,dg,1492.968,116.3825,58.441886964338295,57.9406130356617,226.5412053106685,0.2557619173792447
dark-6,dg,1494.897,104.7306,58.41459532812508,46.316004671874914,226.5412053106685,0.20444847818461642
dark-6,dg,1496.825,111.8713,58.38731783998663,53.483982160013376,226.5412053106685,0.23608942173088482
dark-6,dg,1498.754,125.3844,58.36002620377342,67.02437379622657,226.5412053106685,0.29585952676605715
dark-6,dg,1500.682,114.2763,58.33274871563497,55.943551284365036,226.5412053106685,0.24694647142733503
dark-6,dg,1502.611,119.0729,58.30545707942176,60.76744292057825,226.5412053106685,0.26824013246175016
dark-6,dg,1504.539,124.3309,58.27817959128331,66.05272040871668,226.5412053106685,0.2915704466131666
dark-6,dg,1506.468,118.9732,58.2508879550701,60.72231204492991,226.5412053106685,0.26804091538957797
dark-6,dg,1508.396,119.9144,58.223610466931646,61.690789533068354,226.5412053106685,0.2723159764620673
dark-6,dg,1510.325,129.3499,58.19631883071843,71.15358116928155,226.5412053106685,0.31408670697105506
dark-6,dg,1512.253,131.207,58.16904134257999,73.03795865742,226.5412053106685,0.3224047411474615
dark-6,dg,1514.182,130.1897,58.141749706366774,72.04795029363322,226.5412053106685,0.31803463831151546
dark-6,dg,1516.11,137.9404,58.11447221822833,79.82592778177168,226.5412053106685,0.35236824873559747
dark-6,dg,1518.038,138.0789,58.08719473008988,79.99170526991013,226.5412053106685,0.3531000250493639
dark-6,dg,1519.967,135.0099,58.05990309387666,76.94999690612332,226.5412053106685,0.3396732916671717
dark-6,dg,1521.895,143.4971,58.03262560573821,85.46447439426177,226.5412053106685,0.37725796628061375
dark-6,dg,1523.824,139.025,58.005333969525,81.01966603047501,226.5412053106685,0.3576376576586509
dark-6,dg,1525.752,131.557,57.97805648138655,73.57894351861344,226.5412053106685,0.3247927608476814
dark-6,dg,1527.681,158.0407,57.95076484517334,100.08993515482665,226.5412053106685,0.44181779212116307
dark-6,dg,1529.609,159.226,57.92348735703489,101.30251264296511,226.5412053106685,0.4471703613655775
dark-6,dg,1531.538,147.8109,57.89619572082168,89.91470427917832,226.5412053106685,0.39690220662450043
dark-6,dg,1533.466,153.2296,57.86891823268323,95.36068176731678,226.5412053106685,0.420941884000941
dark-6,dg,1535.395,172.7084,57.841626596470014,114.86677340353,226.5412053106685,0.5070458296803305
dark-6,dg,1537.323,185.4762,57.81434910833156,127.66185089166845,226.5412053106685,0.5635259630432295
dark-6,dg,1539.252,179.4684,57.787057472118356,121.68134252788164,226.5412053106685,0.5371267552011709
dark-6,dg,1541.18,180.3688,57.759779983979904,122.60902001602008,226.5412053106685,0.5412217165874065
dark-6,dg,1543.109,186.5115,57.73248834776669,128.77901165223332,226.5412053106685,0.5684573430057969
dark-6,dg,1545.037,200.9814,57.70521085962824,143.27618914037177,226.5412053106685,0.6324508997993951
dark-6,dg,1546.965,224.9699,57.67793337148979,167.2919666285102,226.5412053106685,0.7384615368276755
dark-6,dg,1548.894,209.3245,57.65064173527658,151.67385826472344,226.5412053106685,0.6695199579993613
dark-6,dg,1550.822,216.0164,57.62336424713813,158.39303575286186,226.5412053106685,0.6991798049968381
dark-6,dg,1552.751,223.921,57.59607261092492,166.32492738907507,226.5412053106685,0.7341928244841132
dark-6,dg,1554.679,240.5153,57.56879512278647,182.94650487721353,226.5412053106685,0.8075639247452968
dark-6,dg,1556.608,239.8865,57.541503486573255,182.34499651342676,226.5412053106685,0.8049087417159584
dark-6,dg,1558.536,249.0884,57.5142259984348,191.5741740015652,226.5412053106685,0.8456482507844387
dark-6,dg,1560.465,269.3685,57.4869343622216,211.88156563777838,226.5412053106685,0.9352893013313559
dark-6,dg,1562.393,271.3539,57.459656874083144,213.89424312591686,226.5412053106685,0.9441736783937026
dark-6,dg,1564.322,266.2298,57.43236523786994,208.79743476213008,226.5412053106685,0.9216753061580767
dark-6,dg,1566.25,268.6798,57.405087749731486,211.27471225026852,226.5412053106685,0.9326105242555579
dark-6,dg,1568.179,274.7945,57.37779611351827,217.41670388648174,226.5412053106685,0.9597225528500486
dark-6,dg,1570.107,281.627,57.35051862537982,224.27648137462018,226.5412053106685,0.9900030374918215
dark-6,dg,1572.036,285.94,57.323226989166606,228.61677301083338,226.5412053106685,1.00916198753917
dark-6,dg,1573.964,278.9039,57.29594950102816,221.60795049897186,226.5412053106685,0.9782235871618526
dark-6,dg,1575.892,277.7839,57.26867201288971,220.5152279871103,226.5412053106685,0.9734000827121299
dark-6,dg,1577.821,292.7249,57.241380376676496,235.4835196233235,226.5412053106685,1.0394732353453842
dark-6,dg,1579.749,280.153,57.214102888538044,222.93889711146198,226.5412053106685,0.9840986623415089
dark-6,dg,1581.678,287.7937,57.18681125232484,230.60688874767516,226.5412053106685,1.0179467723385296
dark-6,dg,1583.606,287.8666,57.159533764186385,230.7070662358136,226.5412053106685,1.0183889766077312
dark-6,dg,1585.535,272.8219,57.13224212797317,215.68965787202686,226.5412053106685,0.952099012522864
dark-6,dg,1587.463,260.4306,57.104964639834726,203.3256353601653,226.5412053106685,0.8975216454831412
dark-6,dg,1589.392,254.1382,57.07767300362151,197.06052699637848,226.5412053106685,0.8698661540453027
dark-6,dg,1591.32,252.0397,57.05039551548306,194.98930448451694,226.5412053106685,0.8607233470710872
dark-6,dg,1593.249,251.7074,57.023103879269854,194.68429612073015,226.5412053106685,0.8593769767126859
dark-6,dg,1595.177,252.4756,56.9958263911314,195.47977360886858,226.5412053106685,0.8628883798017952
dark-6,dg,1597.106,241.9658,56.96853475491819,184.99726524508182,226.5412053106685,0.8166164075598734
dark-6,dg,1599.034,231.3452,56.941257266779736,174.40394273322028,226.5412053106685,0.769855278619404
dark-6,dg,1600.963,221.0253,56.91396563056653,164.11133436943345,226.5412053106685,0.7244215644760011
dark-6,dg,1602.891,218.0987,56.88668814242808,161.21201185757192,226.5412053106685,0.711623351859954
dark-6,dg,1604.819,218.2445,56.859410654289626,161.38508934571036,226.5412053106685,0.7123873518920942
dark-6,dg,1606.748,204.8326,56.83211901807641,148.0004809819236,226.5412053106685,0.6533049066237745
dark-6,dg,1608.676,192.2787,56.80484152993797,135.47385847006203,226.5412053106685,0.5980097893638344
dark-6,dg,1610.605,189.9446,56.77754989372475,133.16705010627527,226.5412053106685,0.5878270574382083
dark-6,dg,1612.533,188.4832,56.7502724055863,131.7329275944137,226.5412053106685,0.5814965423785092
dark-6,dg,1614.462,175.9154,56.722980769373095,119.19241923062691,226.5412053106685,0.5261401300799639
dark-6,dg,1616.39,166.6905,56.69570328123464,109.99479671876534,226.5412053106685,0.4855399112400916
dark-6,dg,1618.319,166.8439,56.66841164502143,110.17548835497857,226.5412053106685,0.48633752170554945
dark-6,dg,1620.247,156.9804,56.64113415688298,100.33926584311703,226.5412053106685,0.4429183896391663
dark-6,dg,1622.176,148.807,56.61384252066977,92.19315747933021,226.5412053106685,0.4069597729600698
dark-6,dg,1624.104,149.237,56.58656503253132,92.65043496746867,226.5412053106685,0.4089782909047915
dark-6,dg,1626.033,131.6109,56.559273396318105,75.05162660368188,226.5412053106685,0.3312934902979766
dark-6,dg,1627.961,126.6318,56.53199590817965,70.09980409182035,226.5412053106685,0.30943511576928623
dark-6,dg,1629.89,124.8245,56.504704271966446,68.31979572803355,226.5412053106685,0.3015777886161718
dark-6,dg,1631.818,114.8208,56.477426783827994,58.34337321617201,226.5412053106685,0.25753978458869115
dark-6,dg,1633.746,108.2999,56.45014929568954,51.84975070431045,226.5412053106685,0.22887558417112694
dark-6,dg,1635.675,109.3556,56.422857659476335,52.93274234052366,226.5412053106685,0.23365613451175057
dark-6,dg,1637.603,111.2132,56.39558017133788,54.81761982866212,226.5412053106685,0.24197637579215525
dark-6,dg,1639.532,108.1447,56.36828853512467,51.77641146487533,226.5412053106685,0.22855184951396137
dark-6,dg,1641.46,97.50198,56.34101104698622,41.160968953013786,226.5412053106685,0.18169307829261114
dark-6,dg,1643.389,89.79482,56.31371941077301,33.48110058922699,226.5412053106685,0.14779254194976363
dark-6,dg,1645.317,96.39056,56.28644192263456,40.104118077365435,226.5412053106685,0.17702791870630527
dark-6,dg,1647.246,98.16801,56.259150286421345,41.90885971357865,226.5412053106685,0.18499442366834198
dark-6,dg,1649.174,89.25465,56.2318727982829,33.0227772017171,226.5412053106685,0.14576940718767314
dark-6,dg,1651.103,97.09435,56.20458116206969,40.88976883793032,226.5412053106685,0.18049594457598087
dark-6,dg,1653.031,89.35758,56.177303673931235,33.180276326068764,226.5412053106685,0.14646464108181476
dark-6,dg,1654.96,83.55067,56.15001203771802,27.400657962281976,226.5412053106685,0.12095220348415617
dark-6,dg,1656.888,91.76379,56.122734549579576,35.641055450420424,226.5412053106685,0.15732703196994063
dark-6,dg,1658.817,91.3885,56.09544291336636,35.29305708663363,226.5412053106685,0.1557908948097734
dark-6,dg,1660.745,85.97496,56.06816542522792,29.90679457477208,226.5412053106685,0.1320148117591201
dark-6,dg,1662.673,82.8755,56.040887937089465,26.834612062910537,226.5412053106685,0.11845355914881246
dark-6,dg,1664.602,78.69447,56.01359630087625,22.680873699123744,226.5412053106685,0.1001180940483662
dark-6,dg,1666.53,80.78566,55.9863188127378,24.799341187262193,226.5412053106685,0.1094694501746536
dark-6,dg,1668.459,84.93491,55.959027176524586,28.975882823475416,226.5412053106685,0.12790557366258903
dark-6,dg,1670.387,77.55764,55.93174968838614,21.625890311613865,226.5412053106685,0.09546117794313438
dark-6,dg,1672.316,81.52754,55.90445805217293,25.623081947827075,226.5412053106685,0.11310561322691262
dark-6,dg,1674.244,86.37186,55.877180564034475,30.494679435965523,226.5412053106685,0.13460985781437193
dark-6,dg,1676.173,83.03489,55.84988892782127,27.185001072178736,226.5412053106685,0.1200002491153803
dark-6,dg,1678.101,76.25941,55.82261143968282,20.436798560317186,226.5412053106685,0.09021227962608866
dark-6,dg,1680.03,68.94482,55.7953198034696,13.149500196530404,226.5412053106685,0.058044628916394114
dark-6,dg,1681.958,71.28366,55.76804231533115,15.515617684668847,226.5412053106685,0.06848916365299382
dark-6,dg,1683.887,72.77386,55.740750679117944,17.033109320882055,226.5412053106685,0.07518768736806009
dark-6,dg,1685.815,77.40005,55.71347319097949,21.6865768090205,226.5412053106685,0.09572906076526122
dark-6,dg,1687.744,71.08157,55.68618155476628,15.39538844523372,226.5412053106685,0.06795844678287631
dark-6,dg,1689.672,70.61341,55.65890406662783,14.954505933372175,226.5412053106685,0.06601229967353725
dark-6,dg,1691.6,71.96687,55.63162657848938,16.33524342151062,226.5412053106685,0.07210716213462887
dark-6,dg,1693.529,65.73,55.60433494227617,10.125665057723836,226.5412053106685,0.04469679166683143
dark-6,dg,1695.457,68.13715,55.577057454137716,12.56009254586229,226.5412053106685,0.05544286095166634
dark-6,dg,1697.386,69.10445,55.54976581792451,13.55468418207549,226.5412053106685,0.05983319530540681
dark-6,dg,1699.314,64.33823,55.52248832978606,8.815741670213939,226.5412053106685,0.038914517374993324
dark-6,dg,1701.243,72.87941,55.495196693572844,17.38421330642715,226.5412053106685,0.07673753338862666
dark-6,dg,1703.171,84.37695,55.46791920543439,28.909030794565602,226.5412053106685,0.12761047490199873
dark-6,dg,1705.1,81.78524,55.440627569221185,26.344612430778817,226.5412053106685,0.11629059885441588
dark-6,dg,1707.028,63.14418,55.41335008108273,7.730829918917266,226.5412053106685,0.03412549124701421
dark-6,dg,1708.957,55.07357,55.38605844486952,-0.31248844486952265,226.5412053106685,-0.0013793889921305483
dark-6,dg,1710.885,65.10394,55.358780956731074,9.74515904326892,226.5412053106685,0.04301715897514028
dark-6,dg,1712.814,72.26596,55.33148932051786,16.934470679482146,226.5412053106685,0.07475227588843703
dark-6,dg,1714.742,72.84361,55.30421183237941,17.53939816762059,226.5412053106685,0.0774225516438294
dark-6,dg,1716.671,68.12757,55.276920196166195,12.85064980383381,226.5412053106685,0.056725441123220845
dark-6,dg,1718.599,60.95404,55.24964270802775,5.704397291972249,226.5412053106685,0.025180396140955873
dark-6,dg,1720.527,68.27413,55.2223652198893,13.051764780110702,226.5412053106685,0.05761320445970125
dark-6,dg,1722.456,72.84355,55.195073583676084,17.64847641632391,226.5412053106685,0.07790404572149061
dark-6,dg,1724.384,61.04924,55.16779609553763,5.881443904462365,226.5412053106685,0.025961916713548056
dark-6,dg,1726.313,71.47967,55.140504459324426,16.339165540675573,226.5412053106685,0.0721244751844097
dark-6,dg,1728.241,73.19688,55.11322697118597,18.08365302881402,226.5412053106685,0.07982500580419755
dark-6,dg,1730.17,79.91224,55.08593533497276,24.826304665027237,226.5412053106685,0.10958847257381522
dark-6,dg,1732.098,71.6223,55.058657846834315,16.56364215316568,226.5412053106685,0.07311536164227184
dark-6,dg,1734.027,62.70206,55.0313662106211,7.670693789378902,226.5412053106685,0.03386003786313247
dark-6,dg,1735.955,68.20422,55.00408872248265,13.200131277517357,226.5412053106685,0.05826812503895389
dark-6,dg,1737.884,78.33326,54.97679708626944,23.356462913730553,226.5412053106685,0.10310028536177576
dark-6,dg,1739.812,79.88365,54.94951959813099,24.934130401869012,226.5412053106685,0.1100644378036016
dark-6,dg,1741.741,67.74702,54.92222796191778,12.82479203808223,226.5412053106685,0.05661129956687077
dark-6,dg,1743.669,59.11309,54.894950473779325,4.218139526220675,226.5412053106685,0.018619745226640366
dark-6,dg,1745.598,65.48542,54.86765883756612,10.617761162433887,226.5412053106685,0.046869006227247545
dark-6,dg,1747.526,74.25675,54.840381349427666,19.41636865057233,226.5412053106685,0.08570788975871119
dark-6,dg,1749.454,72.96568,54.813103861289214,18.152576138710792,226.5412053106685,0.08012924674704171
dark-6,dg,1751.383,65.4916,54.785812225076,10.705787774924005,226.5412053106685,0.04725757400399881
dark-6,dg,1753.311,68.19011,54.758534736937555,13.431575263062449,226.5412053106685,0.059289766930669355
dark-6,dg,1755.24,81.87041,54.73124310072434,27.139166899275665,226.5412053106685,0.11979792754284248
dark-6,dg,1757.168,75.79889,54.70396561258589,21.09492438741411,226.5412053106685,0.09311738391470759
dark-6,dg,1759.097,54.079,54.67667397637268,-0.5976739763726826,226.5412053106685,-0.002638257245753854
dark-6,dg,1761.025,55.65466,54.64939648823423,1.0052635117657687,226.5412053106685,0.0044374422321413675
dark-6,dg,1762.954,78.0547,54.62210485202102,23.43259514797898,226.5412053106685,0.10343634887898016
dark-6,dg,1764.882,61.25093,54.594827363882565,6.656102636117431,226.5412053106685,0.029381421481313078
dark-6,dg,1766.811,55.19881,54.56753572766936,0.6312742723306428,226.5412053106685,0.0027865759408534155
dark-6,dg,1768.739,57.39001,54.54025823953091,2.84975176046909,226.5412053106685,0.012579397008862328
dark-6,dg,1770.668,65.48314,54.51296660331769,10.970173396682313,226.5412053106685,0.04842462712970167
dark-6,dg,1772.596,80.70187,54.48568911517924,26.21618088482076,226.5412053106685,0.11572367529725579
dark-6,dg,1774.525,77.78815,54.458397478966035,23.329752521033967,226.5412053106685,0.10298238013274709
dark-6,dg,1776.453,73.97997,54.43111999082758,19.548850009172412,226.5412053106685,0.08629269003121967
dark-6,dg,1778.381,81.05682,54.40384250268913,26.65297749731087,226.5412053106685,0.11765178639691692
dark-6,dg,1780.31,79.61047,54.376550866475924,25.233919133524083,226.5412053106685,0.11138776762010873
dark-6,dg,1782.238,71.51497,54.34927337833747,17.165696621662534,226.5412053106685,0.07577295529138844
dark-6,dg,1784.167,69.75376,54.32198174212426,15.431778257875742,226.5412053106685,0.06811907898482879
dark-6,dg,1786.095,67.52721,54.294704253985806,13.23250574601419,226.5412053106685,0.058411032676672324
dark-6,dg,1788.024,64.81403,54.2674126177726,10.546617382227403,226.5412053106685,0.04655496278376485
dark-6,dg,1789.952,68.3727,54.24013512963415,14.132564870365847,226.5412053106685,0.0623840808606323
dark-6,dg,1791.881,65.15527,54.212843493420934,10.942426506579068,226.5412053106685,0.04830214658553226
dark-6,dg,1793.809,61.0443,54.18556600528249,6.858733994717511,226.5412053106685,0.030275878444770123
dark-6,dg,1795.738,81.6284,54.158274369069275,27.470125630930724,226.5412053106685,0.12125884822259783
dark-6,dg,1797.666,65.2774,54.13099688093082,11.146403119069177,226.5412053106685,0.04920254177946788
dark-6,dg,1799.595,67.31183,54.10370524471761,13.208124755282391,226.5412053106685,0.05830340991242348
dark-6,2d,2451.416,110.5694,109.82450914945125,0.7448908505487566,226.5412053106685,0.003288103148949201
dark-6,2d,2453.345,106.91,110.05428246591067,-3.1442824659106776,226.5412053106685,-0.013879516804012537
dark-6,2d,2455.273,102.4083,110.2839366671206,-7.875636667120602,226.5412053106685,-0.03476469835286833
dark-6,2d,2457.202,108.7948,110.51370998358007,-1.718909983580076,226.5412053106685,-0.007587626194637923
dark-6,2d,2459.13,111.6886,110.74336418478995,0.9452358152100402,226.5412053106685,0.004172467493998657
dark-6,2d,2461.059,109.9487,110.97313750124943,-1.0244375012494231,226.5412053106685,-0.004522080209843305
dark-6,2d,2462.987,108.7915,111.20279170245931,-2.411291702459309,226.5412053106685,-0.01064394311468667
dark-6,2d,2464.916,114.0076,111.43256501891878,2.5750349810812168,226.5412053106685,0.011366740004538816
dark-6,2d,2466.844,124.5225,111.66221922012866,12.860280779871331,226.5412053106685,0.056767954254658956
dark-6,2d,2468.772,113.991,111.89187342133853,2.099126578661469,226.5412053106685,0.009265981329016152
dark-6,2d,2470.701,122.0566,112.12164673779802,9.934953262201986,226.5412053106685,0.04385495013402809
dark-6,2d,2472.629,128.6494,112.35130093900788,16.29809906099213,226.5412053106685,0.0719431992014064
dark-6,2d,2474.558,124.0044,112.58107425546737,11.423325744532633,226.5412053106685,0.05042493584717709
dark-6,2d,2476.486,127.8291,112.81072845667724,15.018371543322758,226.5412053106685,0.06629421575967707
dark-6,2d,2478.415,124.7632,113.04050177313673,11.722698226863272,226.5412053106685,0.051746428252587816
dark-6,2d,2480.343,118.625,113.2701559743466,5.3548440256534064,226.5412053106685,0.023637395317598016
dark-6,2d,2482.272,122.1588,113.49992929080608,8.65887070919392,226.5412053106685,0.03822205632445334
dark-6,2d,2484.2,126.4192,113.72958349201595,12.689616507984056,226.5412053106685,0.056014606660991687
dark-6,2d,2486.129,126.496,113.95935680847543,12.536643191524561,226.5412053106685,0.055339350624237955
dark-6,2d,2488.057,127.2886,114.1890110096853,13.0995889903147,226.5412053106685,0.057824310470806
dark-6,2d,2489.986,114.7327,114.41878432614479,0.313915673855206,226.5412053106685,0.0013856890777318683
dark-6,2d,2491.914,125.1702,114.6484385273547,10.521761472645295,226.5412053106685,0.04644524362892932
dark-6,2d,2493.843,116.5705,114.87821184381414,1.6922881561858532,226.5412053106685,0.007470111911275146
dark-6,2d,2495.771,112.4844,115.10786604502405,-2.6234660450240597,226.5412053106685,-0.011580524794270233
dark-6,2d,2497.699,123.0164,115.33752024623394,7.6788797537660685,226.5412053106685,0.033896172412588674
dark-6,2d,2499.628,128.3265,115.56729356269341,12.759206437306602,226.5412053106685,0.05632179108347727
dark-6,2d,2501.556,118.2261,115.79694776390329,2.429152236096712,226.5412053106685,0.010722783225089147
dark-6,2d,2503.485,126.9496,116.02672108036276,10.922878919637242,226.5412053106685,0.04821585947094302
dark-6,2d,2505.413,142.3771,116.25637528157264,26.12072471842737,226.5412053106685,0.1153023119242549
dark-6,2d,2507.342,131.9436,116.48614859803212,15.457451401967887,226.5412053106685,0.06823240558277346
dark-6,2d,2509.27,117.2364,116.715802799242,0.5205972007580044,226.5412053106685,0.002298024326497604
dark-6,2d,2511.199,119.1936,116.94557611570147,2.248023884298533,226.5412053106685,0.00992324500620403
dark-6,2d,2513.127,122.1898,117.17523031691135,5.014569683088652,226.5412053106685,0.02213535359367359
dark-6,2d,2515.056,121.8621,117.40500363337082,4.457096366629173,226.5412053106685,0.019674550422369787
dark-6,2d,2516.984,125.0774,117.63465783458071,7.44274216541929,226.5412053106685,0.03285381198185401
dark-6,2d,2518.913,130.6363,117.86443115104018,12.771868848959826,226.5412053106685,0.05637768560225084
dark-6,2d,2520.841,127.5772,118.09408535225006,9.483114647749943,226.5412053106685,0.0418604405090245
dark-6,2d,2522.77,135.6774,118.32385866870953,17.353541331290472,226.5412053106685,0.07660214091071248
dark-6,2d,2524.698,141.3995,118.55351286991942,22.845987130080573,226.5412053106685,0.10084693907561146
dark-6,2d,2526.626,127.022,118.78316707112933,8.238832928870679,226.5412053106685,0.0363679221957538
dark-6,2d,2528.555,119.4537,119.01294038758877,0.4407596124112274,226.5412053106685,0.0019456046056027176
dark-6,2d,2530.483,117.1944,119.24259458879868,-2.0481945887986797,226.5412053106685,-0.009041156932090465
dark-6,2d,2532.412,121.9383,119.47236790525812,2.4659320947418735,226.5412053106685,0.010885137171227655
dark-6,2d,2534.34,136.4403,119.70202210646804,16.738277893531972,226.5412053106685,0.0738862401238567
dark-6,2d,2536.269,137.3385,119.93179542292746,17.406704577072546,226.5412053106685,0.07683681453535911
dark-6,2d,2538.197,126.9683,120.16144962413739,6.806850375862609,226.5412053106685,0.030046853359537832
dark-6,2d,2540.126,129.4553,120.39122294059688,9.064077059403118,226.5412053106685,0.0400107214357452
dark-6,2d,2542.054,118.5818,120.62087714180674,-2.039077141806743,226.5412053106685,-0.009000910624671763
dark-6,2d,2543.983,141.2384,120.85065045826623,20.387749541733783,226.5412053106685,0.08999576705604145
dark-6,2d,2545.911,144.0526,121.0803046594761,22.972295340523914,226.5412053106685,0.10140448978816341
dark-6,2d,2547.84,125.563,121.31007797593558,4.252922024064418,226.5412053106685,0.01877328240675753
dark-6,2d,2549.768,119.9465,121.53973217714545,-1.5932321771454525,226.5412053106685,-0.007032858216502225
dark-6,2d,2551.697,131.5811,121.76950549360494,9.811594506395053,226.5412053106685,0.04331041892771724
dark-6,2d,2553.625,137.5081,121.99915969481481,15.508940305185206,226.5412053106685,0.06845968831108203
dark-6,2d,2555.553,131.8264,122.22881389602468,9.597586103975331,226.5412053106685,0.04236574132645596
dark-6,2d,2557.482,137.8781,122.45858721248416,15.419512787515828,226.5412053106685,0.06806493664748625
dark-6,2d,2559.41,140.5752,122.68824141369403,17.886958586305965,226.5412053106685,0.07895675562322797
dark-6,2d,2561.339,143.3836,122.91801473015352,20.465585269846486,226.5412053106685,0.09033935014948338
dark-6,2d,2563.267,146.7514,123.14766893136338,23.603731068636606,226.5412053106685,0.10419177842842102
dark-6,2d,2565.196,137.063,123.37744224782287,13.685557752177118,226.5412053106685,0.060410898465068884
dark-6,2d,2567.124,133.9164,123.60709644903274,10.309303550967272,226.5412053106685,0.045507410172156336
dark-6,2d,2569.053,147.9887,123.83686976549222,24.15183023450777,226.5412053106685,0.10661120214923828
dark-6,2d,2570.981,132.9456,124.06652396670215,8.879076033297864,226.5412053106685,0.03919408842696628
dark-6,2d,2572.91,132.3027,124.29629728316158,8.006402716838409,226.5412053106685,0.03534192689519236
dark-6,2d,2574.838,125.6002,124.5259514843715,1.074248515628497,226.5412053106685,0.00474195638782499
dark-6,2d,2576.767,134.8169,124.75572480083093,10.061175199169071,226.5412053106685,0.04441212001751127
dark-6,2d,2578.695,154.1046,124.98537900204086,29.119220997959147,226.5412053106685,0.12853829817858675
dark-6,2d,2580.624,136.4742,125.21515231850029,11.259047681499709,226.5412053106685,0.04969977830770148
dark-6,2d,2582.552,128.5126,125.44480651971021,3.0677934802897795,226.5412053106685,0.013541878512047046
dark-6,2d,2584.48,147.9599,125.67446072092008,22.285439279079924,226.5412053106685,0.09837256426935077
dark-6,2d,2586.409,155.3361,125.90423403737957,29.43186596262042,226.5412053106685,0.12991837808163365
dark-6,2d,2588.337,152.2996,126.13388823858944,26.165711761410563,226.5412053106685,0.11550089408912641
dark-6,2d,2590.266,143.6761,126.36366155504892,17.31243844495107,226.5412053106685,0.07642070422115732
dark-6,2d,2592.194,151.6355,126.59331575625879,25.042184243741218,226.5412053106685,0.11054140993643732
dark-6,2d,2594.123,149.8882,126.82308907271828,23.065110927281737,226.5412053106685,0.10181419709342181
dark-6,2d,2596.051,146.2359,127.05274327392814,19.183156726071843,226.5412053106685,0.08467844381672164
dark-6,2d,2597.98,151.0236,127.28251659038763,23.741083409612358,226.5412053106685,0.1047980802302826
dark-6,2d,2599.908,150.8769,127.5121707915975,23.364729208402508,226.5412053106685,0.10313677450581744
dark-6,2d,2601.837,167.8327,127.74194410805698,40.090755891943004,226.5412053106685,0.176968935240564
dark-6,2d,2603.765,162.8289,127.97159830926685,34.85730169073315,226.5412053106685,0.1538673798567082
dark-6,2d,2605.694,157.2643,128.20137162572632,29.062928374273667,226.5412053106685,0.1282898108289751
dark-6,2d,2607.622,156.1891,128.4310258269362,27.75807417306379,226.5412053106685,0.12252991297983785
dark-6,2d,2609.551,156.4479,128.66079914339568,27.787100856604326,226.5412053106685,0.12265804279843191
dark-6,2d,2611.479,157.7979,128.89045334460556,28.907446655394438,226.5412053106685,0.12760348218220194
dark-6,2d,2613.407,159.1602,129.12010754581547,30.04009245418453,226.5412053106685,0.1326032163243278
dark-6,2d,2615.336,145.9083,129.34988086227492,16.558419137725082,226.5412053106685,0.07309230616574855
dark-6,2d,2617.264,164.7029,129.57953506348483,35.12336493651517,226.5412053106685,0.1550418383637915
dark-6,2d,2619.193,170.6104,129.80930837994433,40.80109162005567,226.5412053106685,0.18010450489173868
dark-6,2d,2621.121,168.98,130.03896258115418,38.94103741884581,226.5412053106685,0.17189383876299152
dark-6,2d,2623.05,165.2336,130.26873589761368,34.964864102386315,226.5412053106685,0.15434218271434136
dark-6,2d,2624.978,175.4351,130.49839009882353,44.93670990117647,226.5412053106685,0.19835998417838502
dark-6,2d,2626.907,175.2244,130.72816341528303,44.49623658471697,226.5412053106685,0.19641564334266173
dark-6,2d,2628.835,177.9637,130.9578176164929,47.0058823835071,226.5412053106685,0.20749374189585215
dark-6,2d,2630.764,183.3931,131.1875909329524,52.205509067047615,226.5412053106685,0.23044597558071306
dark-6,2d,2632.692,199.1955,131.41724513416224,67.77825486583777,226.5412053106685,0.2991873146118813
dark-6,2d,2634.621,197.2017,131.64701845062174,65.55468154937824,226.5412053106685,0.2893719994977491
dark-6,2d,2636.549,181.8231,131.8766726518316,49.94642734816841,226.5412053106685,0.22047391899268
dark-6,2d,2638.478,182.4826,132.1064459682911,50.37615403170889,226.5412053106685,0.2223708219554376
dark-6,2d,2640.406,185.2406,132.33610016950095,52.90449983049905,226.5412053106685,0.2335314661981611
dark-6,2d,2642.334,185.2583,132.56575437071083,52.69254562928916,226.5412053106685,0.23259585626830648
dark-6,2d,2644.263,188.1303,132.7955276871703,55.3347723128297,226.5412053106685,0.24425919442313404
dark-6,2d,2646.191,190.9235,133.0251818883802,57.8983181116198,226.5412053106685,0.25557521878733114
dark-6,2d,2648.12,187.1099,133.25495520483966,53.85494479516035,226.5412053106685,0.23772692796132203
dark-6,2d,2650.048,177.5132,133.48460940604954,44.02859059395047,226.5412053106685,0.19435135667072853
dark-6,2d,2651.977,181.8825,133.71438272250901,48.16811727749098,226.5412053106685,0.21262408845858913
dark-6,2d,2653.905,184.6283,133.94403692371895,50.68426307628104,226.5412053106685,0.22373087936375596
dark-6,2d,2655.834,186.6464,134.17381024017837,52.47258975982163,226.5412053106685,0.23162492531044437
dark-6,2d,2657.762,195.927,134.4034644413883,61.523535558611684,226.5412053106685,0.27157768263058835
dark-6,2d,2659.691,199.1168,134.63323775784772,64.48356224215229,226.5412053106685,0.2846438560866771
dark-6,2d,2661.619,190.9825,134.86289195905766,56.119608040942325,226.5412053106685,0.24772362257004152
dark-6,2d,2663.548,181.2833,135.09266527551708,46.19063472448292,226.5412053106685,0.20389506916032846
dark-6,2d,2665.476,175.4064,135.32231947672702,40.08408052327297,226.5412053106685,0.1769394687748017
dark-6,2d,2667.405,193.431,135.5520927931865,57.87890720681352,226.5412053106685,0.2554895350161176
dark-6,2d,2669.333,197.1289,135.78174699439637,61.347153005603616,226.5412053106685,0.27079909335467195
dark-6,2d,2671.261,188.4579,136.01140119560623,52.44649880439377,226.5412053106685,0.23150975440636057
dark-6,2d,2673.19,195.6257,136.24117451206573,59.38452548793427,226.5412053106685,0.2621356472721904
dark-6,2d,2675.118,210.4899,136.47082871327558,74.01907128672443,226.5412053106685,0.3267355763611215
dark-6,2d,2677.047,207.1419,136.70060202973508,70.44129797026491,226.5412053106685,0.31094254077824324
dark-6,2d,2678.975,194.2877,136.93025623094493,57.35744376905507,226.5412053106685,0.2531876869393258
dark-6,2d,2680.904,191.2251,137.16002954740443,54.06507045259556,226.5412053106685,0.23865446631862464
dark-6,2d,2682.832,196.1235,137.3896837486143,58.73381625138572,226.5412053106685,0.25926328135687626
dark-6,2d,2684.761,205.6657,137.6194570650738,68.0462429349262,226.5412053106685,0.30037026968939545
dark-6,2d,2686.689,194.9641,137.84911126628364,57.11498873371636,226.5412053106685,0.25211743998356245
dark-6,2d,2688.618,187.3754,138.07888458274314,49.29651541725687,226.5412053106685,0.2176050725502843
dark-6,2d,2690.546,191.273,138.308538783953,52.964461216047,226.5412053106685,0.233796148225723
dark-6,2d,2692.475,180.7254,138.5383121004125,42.18708789958751,226.5412053106685,0.18622258075185052
dark-6,2d,2694.403,194.8533,138.76796630162235,56.08533369837764,226.5412053106685,0.24757232849302058
dark-6,2d,2696.332,179.2052,138.99773961808185,40.20746038191814,226.5412053106685,0.17748409313342986
dark-6,2d,2698.26,193.297,139.22739381929176,54.069606180708234,226.5412053106685,0.23867448796592916
dark-6,2d,2700.188,182.043,139.45704802050165,42.58595197949836,226.5412053106685,0.18798324976287598
dark-6,2d,2702.117,183.0023,139.68682133696112,43.315478663038874,226.5412053106685,0.19120353228295914
dark-6,2d,2704.045,189.1711,139.916475538171,49.254624461828996,226.5412053106685,0.2174201571598571
dark-6,2d,2705.974,189.1684,140.14624885463047,49.02215114536952,226.5412053106685,0.2163939715873884
dark-6,2d,2707.902,181.1697,140.37590305584035,40.79379694415965,226.5412053106685,0.1800723046750672
dark-6,2d,2709.831,174.3016,140.60567637229983,33.69592362770018,226.5412053106685,0.1487408155240063
dark-6,2d,2711.759,185.5891,140.8353305735097,44.753769426490294,226.5412053106685,0.1975524468721572
dark-6,2d,2713.688,184.8904,141.06510388996918,43.82529611003082,226.5412053106685,0.1934539725341832
dark-6,2d,2715.616,186.8271,141.29475809117906,45.53234190882094,226.5412053106685,0.20098922774945036
dark-6,2d,2717.545,190.8563,141.52453140763853,49.33176859236147,226.5412053106685,0.21776068739773008
dark-6,2d,2719.473,170.7525,141.75418560884842,28.99831439115158,226.5412053106685,0.12800459126799732
dark-6,2d,2721.402,172.8602,141.9839589253079,30.876241074692103,226.5412053106685,0.13629415025116426
dark-6,2d,2723.33,170.4644,142.21361312651777,28.25078687348224,226.5412053106685,0.12470484932196055
dark-6,2d,2725.259,177.9668,142.44338644297724,35.523413557022764,226.5412053106685,0.1568077361833912
dark-6,2d,2727.187,166.9924,142.67304064418713,24.319359355812878,226.5412053106685,0.10735071053613578
dark-6,2d,2729.115,165.9279,142.90269484539698,23.025205154603015,226.5412053106685,0.10163804471256024
dark-6,2d,2731.044,166.7964,143.13246816185648,23.663931838143526,226.5412053106685,0.10445751714656884
dark-6,2d,2732.972,160.7103,143.3621223630664,17.3481776369336,226.5412053106685,0.07657846444819204
dark-6,2d,2734.901,152.6583,143.59189567952583,9.066404320474163,226.5412053106685,0.040020994450174756
dark-6,2d,2736.829,162.6117,143.82154988073574,18.79015011926427,226.5412053106685,0.08294363091030744
dark-6,2d,2738.758,171.9232,144.0513231971952,27.87187680280482,226.5412053106685,0.12303226145805383
dark-6,2d,2740.686,161.3231,144.2809773984051,17.04212260159491,226.5412053106685,0.07522747386385671
dark-6,2d,2742.615,167.0186,144.51075071486454,22.50784928513545,226.5412053106685,0.09935432829656393
dark-6,2d,2744.543,181.5102,144.74040491607445,36.769795083925544,226.5412053106685,0.16230952348603023
dark-6,2d,2746.472,164.1187,144.97017823253395,19.148521767466036,226.5412053106685,0.08452555790548835
dark-6,2d,2748.4,163.9814,145.1998324337438,18.7815675662562,226.5412053106685,0.08290574573618957
dark-6,2d,2750.329,164.3382,145.4296057502033,18.908594249796693,226.5412053106685,0.08346646793843218
dark-6,2d,2752.257,171.1616,145.65925995141316,25.50234004858683,226.5412053106685,0.11257263336978393
dark-6,2d,2754.186,163.5803,145.88903326787266,17.691266732127332,226.5412053106685,0.07809293107567923
dark-6,2d,2756.114,164.1103,146.11868746908252,17.99161253091748,226.5412053106685,0.07941871990238855
dark-6,2d,2758.042,165.3974,146.3483416702924,19.049058329707606,226.5412053106685,0.0840865056031841
dark-6,2d,2759.971,161.7514,146.57811498675187,15.173285013248119,226.5412053106685,0.0669780360373741
dark-6,2d,2761.899,161.418,146.80776918796175,14.610230812038253,226.5412053106685,0.06449259767997806
dark-6,2d,2763.828,160.1514,147.03754250442122,13.11385749557877,226.5412053106685,0.05788729462083956
dark-6,2d,2765.756,150.793,147.2671967056311,3.525803294368899,226.5412053106685,0.015563629095791955
dark-6,2d,2767.685,154.5765,147.49697002209058,7.079529977909431,226.5412053106685,0.03125051783935236
dark-6,2d,2769.613,162.1546,147.72662422330046,14.427975776699526,226.5412053106685,0.06368808604559884
dark-6,2d,2771.542,164.0782,147.95639753975993,16.121802460240076,226.5412053106685,0.07116498933662578
dark-6,2d,2773.47,163.5771,148.18605174096982,15.391048259030185,226.5412053106685,0.06793928829823073
dark-6,2d,2775.399,157.8962,148.4158250574293,9.480374942570705,226.5412053106685,0.04184834688051449
dark-6,2d,2777.327,163.7952,148.64547925863923,15.149720741360767,226.5412053106685,0.06687401843997924
dark-6,2d,2779.256,161.0085,148.87525257509864,12.133247424901356,226.5412053106685,0.05355867780548957
dark-6,2d,2781.184,155.9334,149.10490677630855,6.828493223691453,226.5412053106685,0.03014238939148912
dark-6,2d,2783.113,162.6972,149.334680092768,13.362519907232013,226.5412053106685,0.05898494222676731
dark-6,2d,2785.041,168.0513,149.56433429397794,18.486965706022062,226.5412053106685,0.0816053118489851
dark-6,2d,2786.969,170.7746,149.7939884951878,20.980611504812202,226.5412053106685,0.09261278307423292
dark-6,2d,2788.898,154.7988,150.02376181164726,4.775038188352738,226.5412053106685,0.021078011754216915
dark-6,2d,2790.826,159.395,150.25341601285714,9.141583987142866,226.5412053106685,0.040352853135951605
dark-6,2d,2792.755,172.8633,150.48318932931664,22.380110670683365,226.5412053106685,0.09879046348319848
dark-6,2d,2794.683,159.9819,150.7128435305265,9.269056469473497,226.5412053106685,0.04091554318677844
dark-6,2d,2796.612,159.3297,150.94261684698597,8.387083153014032,226.5412053106685,0.0370223295206378
dark-6,2d,2798.54,164.1343,151.17227104819585,12.962028951804143,226.5412053106685,0.05721709184882545
dark-6,2d,2800.469,161.958,151.40204436465535,10.555955635344645,226.5412053106685,0.046596183775347536
dark-6,2d,2802.397,161.3038,151.6316985658652,9.672101434134788,226.5412053106685,0.042694667492701385
dark-6,2d,2804.326,153.565,151.86147188232468,1.7035281176753188,226.5412053106685,0.00751972743916135
dark-6,2d,2806.254,156.0152,152.09112608353456,3.9240739164654315,226.5412053106685,0.01732167846058792
dark-6,2d,2808.183,158.0629,152.32089939999406,5.742000600005952,226.5412053106685,0.025346384963969924
dark-6,2d,2810.111,142.2562,152.55055360120392,-10.294353601203909,226.5412053106685,-0.045441417984364886
dark-6,2d,2812.04,158.4023,152.7803269176634,5.621973082336609,226.5412053106685,0.02481655853568399
dark-6,2d,2813.968,175.5057,153.00998111887327,22.49571888112672,226.5412053106685,0.09930078217018884
dark-6,2d,2815.896,164.4968,153.2396353200832,11.257164679916798,226.5412053106685,0.04969146634705693
dark-6,2d,2817.825,165.7946,153.46940863654262,12.325191363457378,226.5412053106685,0.05440595827392708
dark-6,2d,2819.753,163.76,153.69906283775254,10.060937162247455,226.5412053106685,0.04441106927302844
dark-6,2d,2821.682,151.2298,153.92883615421198,-2.699036154211967,226.5412053106685,-0.0119141069745375
dark-6,2d,2823.61,146.4485,154.1584903554219,-7.709990355421894,226.5412053106685,-0.03403350107919113
dark-6,2d,2825.539,161.2121,154.3882636718814,6.8238363281186025,226.5412053106685,0.030121832885812973
dark-6,2d,2827.467,166.1584,154.61791787309124,11.540482126908756,226.5412053106685,0.05094208848709291
dark-6,2d,2829.396,173.5643,154.84769118955074,18.71660881044926,226.5412053106685,0.08261900427686936
dark-6,2d,2831.324,174.0047,155.0773453907606,18.927354609239416,226.5412053106685,0.08354928006709987
dark-6,2d,2833.253,146.9382,155.3071187072201,-8.368918707220104,226.5412053106685,-0.036942147878763786
dark-6,2d,2835.181,152.953,155.53677290842995,-2.5837729084299497,226.5412053106685,-0.011405311033313692
dark-6,2d,2837.11,158.7279,155.76654622488945,2.9613537751105525,226.5412053106685,0.013072031514308774
dark-6,2d,2839.038,175.392,155.9962004260993,19.39579957390069,226.5412053106685,0.08561709357598833
dark-6,2d,2840.967,178.1024,156.2259737425588,21.87642625744118,226.5412053106685,0.0965670957185949
dark-6,2d,2842.895,164.8977,156.45562794376866,8.442072056231325,226.5412053106685,0.03726506197693371
dark-6,2d,2844.823,163.7036,156.68528214497854,7.018317855021451,226.5412053106685,0.030980314797022658
dark-6,2d,2846.752,169.3906,156.91505546143802,12.47554453856199,226.5412053106685,0.05506964846176035
dark-6,2d,2848.68,168.5196,157.1447096626479,11.374890337352099,226.5412053106685,0.05021113188549113
